Number,Name,Position,Height,Class,Season,Team,Weight
0,Dominic Pereira,GK,6' 5'',Fy.,2024,Northwestern,
1,Rafael Ponce de León,GK,6' 3'',Jr.,2024,Northwestern,
2,Brandon Clagette,D,5' 8'',Gr.,2024,Northwestern,
3,Ibrahim Obeid,D,6' 0'',Sr.,2024,Northwestern,
4,Collin McCamy,M,6' 2'',Sr.,2024,Northwestern,
5,Reese Mayer,D,6' 2'',Gr.,2024,Northwestern,
6,Jason Gajadhar,M,5' 10'',Jr.,2024,Northwestern,
7,Paul Son,M,5' 10'',Sr.,2024,Northwestern,
8,Joe Suchecki,M,6' 4'',Gr.,2024,Northwestern,
9,Christopher Thaggard,F,5' 10'',Jr.,2024,Northwestern,
10,Thaddaeus Dewing,F,5' 11'',Gr.,2024,Northwestern,
11,Jayvin Van Deventer,M,5' 9'',Jr.,2024,Northwestern,
12,Nigel Prince,D,6' 2'',Jr.,2024,Northwestern,
13,Luke Shreiner,D,6' 4'',Fy.,2024,Northwestern,
14,Bryce LeBel,D,5' 11'',Gr.,2024,Northwestern,
16,Peter Riesz,M,6' 3'',So.,2024,Northwestern,
17,Akinjide Awujo,F,6' 0'',R-Sr.,2024,Northwestern,
19,Fritz Volmar,D,6' 0'',So.,2024,Northwestern,
20,Henri Richter,M,6' 0'',Jr.,2024,Northwestern,
21,James Spatzek,M,5' 9'',So.,2024,Northwestern,
22,Aidan O'Neill,M,5' 10'',Fy.,2024,Northwestern,
23,Italo Addimandi,F,5' 10'',So.,2024,Northwestern,
24,Michael Ramirez,F,5' 10'',Fy.,2024,Northwestern,
25,Gregory Cook,F,5' 11'',So.,2024,Northwestern,
26,Bryant Mayer,D,6' 1'',So.,2024,Northwestern,
27,Jude Bosshardt,GK,6' 4'',So.,2024,Northwestern,
28,Tyler Glassberg,M,6' 0'',So.,2024,Northwestern,
29,Danh Tran,M,5' 11'',Sr.,2024,Northwestern,
1,Jackson Weyman,GK,6' 3'',Gr.,2023,Northwestern,
2,Brandon Clagette,D,5' 8'',Sr.,2023,Northwestern,
3,Ibrahim Obeid,D,6' 0'',Jr.,2023,Northwestern,
4,Collin McCamy,M,6' 2'',Jr.,2023,Northwestern,
5,Reese Mayer,D,6' 2'',Gr.,2023,Northwestern,
6,Jason Gajadhar,M,5' 10'',So.,2023,Northwestern,
7,Paul Son,M,5' 10'',Jr.,2023,Northwestern,
8,Kai Reis,F,6' 2'',Fy.,2023,Northwestern,
9,Christopher Thaggard,F,5' 10'',So.,2023,Northwestern,
10,Justin Weiss,F,5' 9'',Sr.,2023,Northwestern,
11,Jayvin Van Deventer,M,5' 9'',So.,2023,Northwestern,
12,Nigel Prince,D,6' 2'',So.,2023,Northwestern,
13,Rom Brown,M,6' 2'',Sr.,2023,Northwestern,
14,Tyler Warren,D,5' 9'',Sr.,2023,Northwestern,
15,Owen Noverr,D,6' 4'',Fy.,2023,Northwestern,
16,Peter Riesz,M,6' 3'',Fy.,2023,Northwestern,
17,Brett Chrisman,M,5' 10'',Sr.,2023,Northwestern,
18,Joseph Arena,M,5' 9'',Sr.,2023,Northwestern,
19,Fritz Volmar,D,6' 0'',Fy.,2023,Northwestern,
20,Henri Richter,M,6' 0'',So.,2023,Northwestern,
21,James Spatzek,M,5' 9'',Fy.,2023,Northwestern,
22,Ugo Achara Jr.,F,6' 1'',Gr.,2023,Northwestern,
23,Italo Addimandi,F,5' 10'',Fy.,2023,Northwestern,
25,Gregory Cook,F,5' 11'',Fy.,2023,Northwestern,
26,Bryant Mayer,D,6' 1'',Fy.,2023,Northwestern,
27,Jude Bosshardt,GK,6' 4'',Fy.,2023,Northwestern,
28,Tyler Glassberg,M,6' 0'',Fy.,2023,Northwestern,
29,Danh Tran,M,5' 11'',Jr.,2023,Northwestern,
0,Christian Garner,GK,6' 0'',Gr.,2022,Northwestern,
1,Paul Walters,GK,6' 3'',Fy.,2022,Northwestern,
2,Brandon Clagette,D,5' 8'',So.,2022,Northwestern,
3,Ibrahim Obeid,D,6' 0'',So.,2022,Northwestern,
4,Collin McCamy,M,6' 2'',So.,2022,Northwestern,
5,Ethan Dudley,D,6' 4'',Gr.,2022,Northwestern,
6,Justin Weiss,F,5' 9'',Jr.,2022,Northwestern,
7,Bardia Kimiavi,M,5' 7'',Gr.,2022,Northwestern,
8,Andrew Stevens,M,6' 2'',Gr.,2022,Northwestern,
9,Christopher Thaggard,F,5' 10'',Fy.,2022,Northwestern,
10,Vicente Castro,M,5' 11'',Sr.,2022,Northwestern,
11,Eric Smits,M,5' 8'',Sr.,2022,Northwestern,
12,Logan Weaver,M,5' 11'',Sr.,2022,Northwestern,
13,Rom Brown,M,6' 2'',Jr.,2022,Northwestern,
14,Tyler Warren,D,5' 9'',Jr.,2022,Northwestern,
15,Darley Florvil,M,5' 7'',So.,2022,Northwestern,
16,Alex Gordon,M,5' 11'',Sr.,2022,Northwestern,
17,Brett Chrisman,M,5' 10'',So.,2022,Northwestern,
18,Joseph Arena,M,5' 9'',Jr.,2022,Northwestern,
19,Paul Son,M,5' 10'',So.,2022,Northwestern,
20,Henri Richter,M,6' 0'',Fy.,2022,Northwestern,
21,Jack Ratterman,D,6' 3'',Sr.,2022,Northwestern,
22,Jayson Cyrus,D,5' 10'',Sr.,2022,Northwestern,
24,Deng Deng Kur,D/M,6' 3'',Sr.,2022,Northwestern,
25,Nigel Prince,D,6' 2'',Fy.,2022,Northwestern,
26,Jayvin Van Deventer,M,5' 9'',Fy.,2022,Northwestern,
27,Kevin Klausz,GK,6' 0'',Sr.,2022,Northwestern,
28,Jason Gajadhar,M,5' 10'',Fy.,2022,Northwestern,
29,Danh Tran,M,5' 11'',So.,2022,Northwestern,
0,Ethan Bandre,GK,6' 2'',Gr.,2021,Northwestern,
1,Miha Miskovic,GK,6' 3'',Gr.,2021,Northwestern,
2,Quinn Dudek,D,6' 0'',Gr.,2021,Northwestern,
3,Ibrahim Obeid,D,6' 0'',Fy.,2021,Northwestern,
4,Collin McCamy,M,6' 2'',Fy.,2021,Northwestern,
5,Richie Bennett,M,6' 0'',Sr.,2021,Northwestern,
6,Justin Weiss,F,5' 9'',So.,2021,Northwestern,
7,Bardia Kimiavi,M,5' 7'',Sr.,2021,Northwestern,
8,Spencer Howard,F,6' 2'',Gr.,2021,Northwestern,
9,Jose Del Valle,F,6' 3'',Sr.,2021,Northwestern,
10,Vicente Castro,M,5' 11'',Jr.,2021,Northwestern,
11,Eric Smits,M,5' 8'',Jr.,2021,Northwestern,
12,Logan Weaver,M,5' 11'',Jr.,2021,Northwestern,
13,Connor McCabe,M,5' 10'',Sr.,2021,Northwestern,
14,Tyler Warren,D,5' 9'',So.,2021,Northwestern,
15,Darley Florvil,M,5' 7'',Fy.,2021,Northwestern,
16,Alex Gordon,M,5' 11'',Jr.,2021,Northwestern,
17,Rom Brown,M,6' 2'',So.,2021,Northwestern,
18,Joseph Arena,M,5' 9'',So.,2021,Northwestern,
19,Paul Son,M,5' 10'',Fy.,2021,Northwestern,
21,Jack Ratterman,D,6' 3'',Jr.,2021,Northwestern,
22,Jayson Cyrus,D,5' 10'',Jr.,2021,Northwestern,
23,Spencer Farina,D,6' 3'',Gr.,2021,Northwestern,
24,Deng Deng Kur,D/M,6' 3'',Jr.,2021,Northwestern,
25,Julian Zighelboim,D,6' 1'',Sr.,2021,Northwestern,
27,Kevin Klausz,GK,6' 0'',Jr.,2021,Northwestern,
28,Caden Theobald,M,5' 8'',Fy.,2021,Northwestern,
29,Danh Tran,M,5' 11'',Fy.,2021,Northwestern,
0,Alex Kara,Goalkeeper,6' 4'',R-Fr.,2024,Indiana,185
1,JT Harms,Goalkeeper,6' 1'',Sr.+,2024,Indiana,181
2,Quinton Elliot,Defender,5' 10'',Jr.,2024,Indiana,155
3,Joel Demian,Defender,5' 10'',So.,2024,Indiana,165
4,Josh Maher,Defender,6' 3'',Fr.,2024,Indiana,180
5,Jansen Miller,Defender,6' 2'',Sr.+,2024,Indiana,180
6,Jack Lindimore,Defender,6' 1'',Fr.,2024,Indiana,175
7,Justin Weiss,Forward,5' 9'',Gr.,2024,Indiana,
8,Seth Stewart,Midfielder,5' 9'',R-So.,2024,Indiana,151
9,Samuel Sarver,Forward,5' 10'',Sr.,2024,Indiana,156
10,Tommy Mihalic,Forward,5' 11'',Sr.,2024,Indiana,169
11,Collins Oduro,Forward,5' 7'',So.,2024,Indiana,158
12,Michael Nesci,Forward,5' 11'',Fr.,2024,Indiana,160
13,Alex Barger,Defender,5' 9'',So.,2024,Indiana,155
14,Easton Bogard,Forward,5' 9'',Fr.,2024,Indiana,155
15,Luka Bezerra,Forward,6' 2'',Jr.,2024,Indiana,170
16,Charlie Heuer,Midfielder,5' 10'',Fr.,2024,Indiana,155
17,Justin Shreffler,Midfielder,5' 10'',So.,2024,Indiana,155
18,Lucas Wolthers,Forward,6' 1'',R-Fr.,2024,Indiana,180
19,Breckin Minzey,Midfielder,5' 11'',R-So.,2024,Indiana,152
20,Clay Murador,Forward,5' 11'',So.,2024,Indiana,165
21,Jack Wagoner,Midfielder,5' 10'',Jr.,2024,Indiana,160
22,Patrick McDonald,Midfielder,5' 11'',Sr.,2024,Indiana,140
23,Noah Joseph,Midfielder,6' 0'',R-So.,2024,Indiana,140
24,Luke Jeffus,Midfielder,5' 11'',Gr.,2024,Indiana,170
25,Luke Reidell,Defender,5' 8'',R-Fr.,2024,Indiana,145
26,Drew Gaydosh,Defender,6' 3'',Fr.,2024,Indiana,180
27,Nolan Kinsella,Forward,6' 3'',Fr.,2024,Indiana,160
28,Grant Yeagley,Midfielder,6' 0'',R-Jr.,2024,Indiana,160
29,EJ Dreher,Midfielder,5' 10'',R-Fr.,2024,Indiana,150
30,Cooper Johnsen,Goalkeeper,6' 0'',R-So.,2024,Indiana,155
32,Aidan Montoure,Goalkeeper,6' 0'',Gr.,2024,Indiana,160
33,Miles Imparato,Midfielder,5' 10'',Fr.,2024,Indiana,150
36,Drew Thompson,Midfielder,5' 10'',Fr.,2024,Indiana,150
99,Holden Brown,Goalkeeper,6' 4'',Gr.,2024,Indiana,190
0,Alex Kara,Goalkeeper,6' 4'',Fr.,2023,Indiana,185
1,JT Harms,Goalkeeper,6' 1'',Sr.,2023,Indiana,180
2,Joey Maher,Defender,6' 2'',Sr.,2023,Indiana,160
3,Joel Demian,Defender,5' 10'',Fr.,2023,Indiana,165
4,Hugo Bacharach,Midfielder/Defender,6' 4'',Sr.,2023,Indiana,210
5,Jansen Miller,Defender,6' 2'',Sr.,2023,Indiana,180
6,Logan Oliver,Midfielder,5' 11'',Fr.,2023,Indiana,165
7,Karsen Henderlong,Forward,6' 3'',Sr.+,2023,Indiana,195
8,Seth Stewart,Midfielder,5' 9'',So.,2023,Indiana,150
9,Samuel Sarver,Forward,5' 9'',Jr.,2023,Indiana,140
10,Tommy Mihalic,Forward,5' 11'',Jr.,2023,Indiana,165
11,Collins Oduro,Forward,5' 7'',Fr.,2023,Indiana,150
12,Quinten Helmer,Midfielder,6' 0'',R-Sr.,2023,Indiana,155
13,Alex Barger,Defender,5' 9'',Fr.,2023,Indiana,150
14,Maouloune Goumballe,Forward,6' 2'',Sr.+,2023,Indiana,163
15,Luka Bezerra,Forward,6' 2'',So.,2023,Indiana,168
16,Lukas Hummel,Defender,5' 11'',Sr.,2023,Indiana,160
17,Justin Shreffler,Midfielder,5' 10'',Fr.,2023,Indiana,150
18,Lucas Wolthers,Forward,6' 1'',Fr.,2023,Indiana,180
19,Brett Bebej,Defender,6' 0'',Sr.+,2023,Indiana,153
20,Clay Murador,Forward,5' 11'',Fr.,2023,Indiana,165
21,Jack Wagoner,Midfielder,5' 10'',So.,2023,Indiana,160
22,Patrick McDonald,Midfielder,5' 11'',Jr.,2023,Indiana,140
23,Noah Joseph,Midfielder,6' 0'',R-Fr.,2023,Indiana,140
24,Andrew Goldsworthy,Defender,6' 1'',R-Sr.,2023,Indiana,180
25,Luke Reidell,Defender,5' 7'',Fr.,2023,Indiana,130
26,Nate Ward,Forward,5' 11'',Sr.,2023,Indiana,160
28,Grant Yeagley,Midfielder,6' 0'',R-So.,2023,Indiana,160
29,EJ Dreher,Midfielder,5' 8'',Fr.,2023,Indiana,145
30,Cooper Johnsen,Goalkeeper,6' 0'',R-Fr.,2023,Indiana,155
32,Austin Himebaugh,Goalkeeper,6' 2'',R-Jr.,2023,Indiana,175
36,Breckin Minzey,Midfielder,5' 11'',R-Fr.,2023,Indiana,140
0,JT Harms,Goalkeeper,6' 1'',Jr.,2022,Indiana,180
1,Bryant Pratt,Goalkeeper,6' 2'',R-Sr.,2022,Indiana,190
2,Joey Maher,Defender,6' 2'',Jr.,2022,Indiana,160
3,Lawson Redmon,Defender,5' 10'',Jr.,2022,Indiana,160
4,Sam Bennett,Defender,6' 0'',R-Fr.,2022,Indiana,180
5,Daniel Munie,Defender,6' 0'',R-Sr.,2022,Indiana,180
6,Jansen Miller,Defender,6' 2'',Jr.,2022,Indiana,180
7,Karsen Henderlong,Forward,6' 3'',Sr.,2022,Indiana,195
8,Seth Stewart,Midfielder,5' 9'',Fr.,2022,Indiana,150
9,Samuel Sarver,Forward,5' 9'',So.,2022,Indiana,140
10,Tommy Mihalic,Forward,5' 11'',So.,2022,Indiana,165
11,Nyk Sessock,Defender,5' 7'',Sr.+,2022,Indiana,150
12,Quinten Helmer,Midfielder,6' 0'',R-Jr.,2022,Indiana,155
13,Emerson Nieto,Midfielder,5' 10'',R-So.,2022,Indiana,150
14,Maouloune Goumballe,Forward,6' 2'',Sr.,2022,Indiana,163
15,Luka Bezerra,Forward,6' 2'',Fr.,2022,Indiana,168
16,Lukas Hummel,Defender,5' 11'',Jr.,2022,Indiana,160
17,Herbert Endeley,Forward,5' 10'',Sr.,2022,Indiana,152
18,Ryan Wittenbrink,Forward,6' 1'',R-Sr.,2022,Indiana,165
19,Brett Bebej,Defender,6' 0'',Sr.,2022,Indiana,153
20,Ben Yeagley,Midfielder,5' 9'',R-Sr.,2022,Indiana,150
21,Jack Wagoner,Midfielder,5' 10'',Fr.,2022,Indiana,
22,Patrick McDonald,Midfielder,5' 11'',So.,2022,Indiana,140
23,Noah Joseph,Midfielder,6' 0'',Fr.,2022,Indiana,140
24,Andrew Goldsworthy,Defender,6' 1'',R-Jr.,2022,Indiana,180
25,Trey Kapsalis,Midfielder,5' 7'',R-Sr.,2022,Indiana,140
26,Nate Ward,Forward,5' 11'',Jr.,2022,Indiana,160
27,Alex McGill,Midfielder,6' 0'',R-Jr.,2022,Indiana,160
28,Grant Yeagley,Midfielder,6' 0'',R-Fr.,2022,Indiana,160
29,Luke Boha,Midfielder,5' 11'',R-Jr.,2022,Indiana,150
30,Cooper Johnsen,Goalkeeper,6' 0'',Fr.,2022,Indiana,155
32,Austin Himebaugh,Goalkeeper,6' 2'',R-So.,2022,Indiana,175
36,Breckin Minzey,Midfielder,5' 11'',Fr.,2022,Indiana,140
0,Bryant Pratt,Goalkeeper,6' 2'',R-Jr.,2021,Indiana,190
1,Roman Celentano,Goalkeeper,6' 3'',Jr.,2021,Indiana,200
2,Joey Maher,Defender,6' 2'',So.,2021,Indiana,160
3,Lawson Redmon,Defender,5' 10'',So.,2021,Indiana,160
4,Sam Bennett,Defender,6' 0'',Fr.,2021,Indiana,180
5,Daniel Munie,Defender,6' 0'',R-Jr.,2021,Indiana,180
7,Victor Bezerra,Forward,6' 0'',Jr.,2021,Indiana,175
8,Joe Schmidt,Midfielder,5' 9'',R-Sr.,2021,Indiana,165
9,Samuel Sarver,Forward,5' 9'',Fr.,2021,Indiana,140
10,Tommy Mihalic,Forward,5' 11'',Fr.,2021,Indiana,165
11,Nyk Sessock,Defender,5' 7'',Sr.,2021,Indiana,150
12,Quinten Helmer,Midfielder,6' 0'',R-So.,2021,Indiana,155
13,Emerson Nieto,Midfielder,5' 10'',So.,2021,Indiana,150
14,Maouloune Goumballe,Forward,6' 2'',Jr.,2021,Indiana,163
15,Kyle Folds,Midfielder,6' 2'',R-Fr.,2021,Indiana,200
16,Lukas Hummel,Defender,5' 11'',So.,2021,Indiana,160
17,Herbert Endeley,Forward,5' 10'',Jr.,2021,Indiana,152
18,Ryan Wittenbrink,Forward,6' 1'',R-Jr.,2021,Indiana,165
19,Brett Bebej,Defender,6' 0'',Jr.,2021,Indiana,153
20,Ben Yeagley,Midfielder,5' 9'',R-Jr.,2021,Indiana,150
21,Spencer Glass,Defender,6' 0'',R-Sr.+,2021,Indiana,165
22,Patrick McDonald,Midfielder,5' 11'',Fr.,2021,Indiana,140
23,Isaac Sarosy,Defender,5' 11'',R-Jr.,2021,Indiana,170
24,Andrew Goldsworthy,Defender,6' 1'',R-So.,2021,Indiana,180
25,Trey Kapsalis,Midfielder,5' 7'',R-Jr.,2021,Indiana,140
26,Nate Ward,Forward,5' 11'',So.,2021,Indiana,160
27,Alex McGill,Midfielder,6' 0'',R-So.,2021,Indiana,160
28,Grant Yeagley,Midfielder,6' 0'',Fr.,2021,Indiana,160
29,Luke Boha,Midfielder,5' 11'',R-So.,2021,Indiana,150
30,Nathan Gabris,Goalkeeper,6' 0'',Fr.,2021,Indiana,175
32,Austin Himebaugh,Goalkeeper,6' 2'',R-Fr.,2021,Indiana,175
36,Mason Henderson,Forward,6' 0'',Fr.,2021,Indiana,160
0,Saxon Wolcott,Goalkeeper,2-Jun,So.,2024,Maryland,180
1,Hudson Blatteis,Goalkeeper,4-Jun,Gr.,2024,Maryland,200
3,Luca Costabile,Defender,11-May,Jr.,2024,Maryland,165
4,Mack DeVries,Defender,1-Jun,Jr.,2024,Maryland,200
5,Alex Nitzl,Midfield/Defender,11-May,Gr.,2024,Maryland,160
6,Leon Koehl,Midfielder,2-Jun,So.,2024,Maryland,190
7,Sadam Masereka,Forward,9-May,Jr.,2024,Maryland,150
8,Albi Ndrenika,Midfield,10-May,Jr.,2024,Maryland,175
9,Colin Griffith,Forward,10-May,Jr.,2024,Maryland,160
10,Mikkel Lejbowicz,Forward,2-Jun,Fr.,2024,Maryland,175
11,Max Rogers,Forward,9-May,Gr.,2024,Maryland,185
12,Max Riley,Forward,1-Jun,Jr.,2024,Maryland,190
14,Cameron Gerber,Midfielder/Forward,11-May,So.,2024,Maryland,160
15,Jameson Michel,Forward,10-May,Fr.,2024,Maryland,130
17,Kenny Quist-Therson,Midfielder,2-Jun,So.,2024,Maryland,170
18,Jace Clark,Defender,2-Jun,Fr.,2024,Maryland,175
20,Travis Thompson,Forward,10-May,Fr.,2024,Maryland,165
21,Cristiano Fitzgerald,Forward,8-May,Fr.,2024,Maryland,140
22,Chris Steinleitner,Midfield/Defender,2-Jun,Jr.,2024,Maryland,175
27,Joel Brown,Defender,10-May,Jr.,2024,Maryland,165
28,Brian St. Martin,Defender,1-Jun,Jr.,2024,Maryland,170
30,Matias De Jesus,Midfield,11-May,Jr.,2024,Maryland,170
31,Bjarne Thiesen,Defender,5-Jun,Gr.,2024,Maryland,180
34,Dalton Hass,Defender/Midfield,7-May,R-Jr.,2024,Maryland,140
36,Alexi Mihalek,Defender,2-Jun,Fr.,2024,Maryland,170
38,Laurin Mack,Goalkeeper,1-Jun,Fr.,2024,Maryland,190
44,Luke van Heukelum,Forward,1-Jun,So.,2024,Maryland,170
49,Aidan Sheppela,Forward,11-May,Fr.,2024,Maryland,160
97,William Kulvik,Defender,1-Jun,Sr.,2024,Maryland,165
0,Saxon Wolcott,Goalkeeper,2-Jun,Fr.,2023,Maryland,180
0,Mikah Seger,Goalkeeper,2-Jun,So.,2023,Maryland,200
1,Jamie Lowell,Goalkeeper,4-Jun,Sr.,2023,Maryland,210
2,Kento Abe,Defender,10-May,Sr.,2023,Maryland,155
3,Luca Costabile,Defender,11-May,So.,2023,Maryland,165
4,Mack DeVries,Defender,1-Jun,So.,2023,Maryland,200
5,Alex Nitzl,Midifeld/Defender,11-May,Sr.,2023,Maryland,160
7,Henrik Sakshaug,Midfielder,11-May,Fr.,2023,Maryland,170
8,Albi Ndrenika,Midfield,10-May,So.,2023,Maryland,175
9,Colin Griffith,Forward,10-May,So.,2023,Maryland,160
10,Stefan Copetti,Forward,1-Jun,Sr.,2023,Maryland,170
11,Kimani Stewart-Baynes,Forward,8-May,Fr.,2023,Maryland,160
12,Max Riley,Forward,1-Jun,So.,2023,Maryland,190
13,Tyler Prebenda,Defender/Midfield,11-May,Fr.,2023,Maryland,155
14,Cameron Gerber,Midfielder,11-May,Fr.,2023,Maryland,160
15,Jack McDaid,Midfielder,3-Jun,Fr.,2023,Maryland,170
16,Joe McDaid,Defender,3-Jun,Fr.,2023,Maryland,170
17,Kenny Quist-Therson,Midfielder,2-Jun,Fr.,2023,Maryland,170
19,Seungeon Kim,Forward,8-May,Sr.,2023,Maryland,165
20,Justin Harris,Midfielder,11-May,Gr.,2023,Maryland,150
21,Joe Suchecki,Midfielder,3-Jun,R-Jr.,2023,Maryland,190
22,Leon Koehl,Midfielder,2-Jun,Fr.,2023,Maryland,190
28,Brian St. Martin,Defender,1-Jun,So.,2023,Maryland,170
30,Matias De Jesus,Midfield,1-Jun,So.,2023,Maryland,170
31,Bjarne Thiesen,Defender,5-Jun,Gr.,2023,Maryland,180
34,Dalton Hass,Midfield,7-May,R-So.,2023,Maryland,140
44,Luke van Heukelum,Forward,1-Jun,Fr.,2023,Maryland,170
96,William Kulvik,Defender,1-Jun,Jr.,2023,Maryland,165
0,Mikah Seger,GK,2-Jun,Fr.,2022,Maryland,205
1,Jamie Lowell,GK,4-Jun,Jr.,2022,Maryland,190
2,Kento Abe,D,9-May,Jr.,2022,Maryland,160
3,Luca Costabile,D,9-May,Fr.,2022,Maryland,155
4,Mack DeVries,D,2-Jun,Fr.,2022,Maryland,195
5,Alex Nitzl,D,11-May,Jr.,2022,Maryland,160
7,Hunter George,F,8-May,Sr.,2022,Maryland,145
8,Albi Ndrenika,MF,-,Fr.,2022,Maryland,
9,Colin Griffith,F,10-May,Fr.,2022,Maryland,160
10,Stefan Copetti,F,2-Jun,Jr.,2022,Maryland,170
11,Malcolm Johnston,MF,1-Jun,Sr.,2022,Maryland,175
12,Max Riley,F,1-Jun,Fr.,2022,Maryland,180
14,Joshua Bolma,MF/F,9-May,R-So.,2022,Maryland,135
16,Jacob Chakroun,MF,10-May,Sr.,2022,Maryland,170
17,German Giammattei,F,1-Jun,Gr.,2022,Maryland,175
18,Chris Rindov,D,2-Jun,Sr.,2022,Maryland,190
19,Seungeon Kim,F,8-May,Sr.,2022,Maryland,160
20,Justin Harris,MF,11-May,Sr.,2022,Maryland,150
21,Joe Suchecki,MF,2-Jun,R-So.,2022,Maryland,185
22,Nick Richardson,D,10-May,R-Sr.,2022,Maryland,160
23,Isaac Ngobu,D,7-May,Sr.,2022,Maryland,135
26,Ethan Gregory,F,1-Jun,Fr.,2022,Maryland,160
27,Griffin Dillon,MF,1-Jun,So.,2022,Maryland,160
28,Brian St. Martin,D,-,Fr.,2022,Maryland,
30,Matias De Jesus,MF,-,Fr.,2022,Maryland,
34,Dalton Hass,MF,7-May,R-Fr.,2022,Maryland,140
36,Niklas Neumann,GK,1-Jun,Sr.,2022,Maryland,195
96,William Kulvik,D,1-Jun,So.,2022,Maryland,165
1,Jamie Lowell,GK,4-Jun,So.,2021,Maryland,190
2,Kento Abe,D,9-May,So.,2021,Maryland,160
3,Ryan Blumberg,D,2-Jun,R-Jr.,2021,Maryland,200
5,Alex Nitzl,D,11-May,So.,2021,Maryland,160
6,David Kovacic,MF,1-Jun,R-So.,2021,Maryland,180
7,Hunter George,F,8-May,Jr.,2021,Maryland,145
8,Ben Bender,MF,1-Jun,So.,2021,Maryland,165
9,Justin Gielen,F,1-Jun,Sr.,2021,Maryland,185
10,Caden Stafford,F,1-Jun,Fr.,2021,Maryland,170
11,Malcolm Johnston,MF,1-Jun,Jr.,2021,Maryland,175
12,Brett St. Martin,D,1-Jun,Sr.,2021,Maryland,170
13,Jacen Russell-Rowe,F,1-Jun,So.,2021,Maryland,180
14,Joshua Bolma,MF/F,9-May,R-Fr.,2021,Maryland,135
15,Richie Nichols,MF,7-May,Fr.,2021,Maryland,175
16,Jacob Chakroun,MF,10-May,Jr.,2021,Maryland,170
17,Kyle Brown,F,11-May,Fr.,2021,Maryland,180
18,Chris Rindov,D,2-Jun,Jr.,2021,Maryland,190
19,Seungeon Kim,F,8-May,Jr.,2021,Maryland,160
20,Justin Harris,MF,11-May,Jr.,2021,Maryland,150
21,Joe Suchecki,MF,2-Jun,So.,2021,Maryland,195
22,Nick Richardson,D,10-May,R-Jr.,2021,Maryland,160
23,Isaac Ngobu,D,7-May,Jr.,2021,Maryland,135
24,Caden Byrnes,GK,2-Jun,Fr.,2021,Maryland,180
25,Marcus Garcia,F,1-Jun,Fr.,2021,Maryland,165
27,Griffin Dillon,MF,1-Jun,Fr.,2021,Maryland,160
34,Dalton Hass,MF,7-May,Fr.,2021,Maryland,140
36,Niklas Neumann,GK,1-Jun,Jr.,2021,Maryland,195
70,Brayan Padilla,F,11-May,Sr.,2021,Maryland,160
96,William Kulvik,D,1-Jun,Fr.,2021,Maryland,165
1,Michael Sly,GK,1-Jun,R-So.,2024,Michigan State,180
2,Will Eby,D,1-Jun,So.,2024,Michigan State,167
3,Jared Smid,M,1-Jun,Fr.,2024,Michigan State,
4,Ryan Van De Winkle,D,9-May,R-So.,2024,Michigan State,
5,Brandon Munson,D,10-May,Fr.,2024,Michigan State,
6,Jonathan Stout,M,10-May,Jr.,2024,Michigan State,160
7,Vedad Kovac,M,9-May,Gr.,2024,Michigan State,152
8,Efosa Emovon,F,1-Jun,Sr.,2024,Michigan State,176
9,Mohamed Saad,F,2-Jun,Fr.,2024,Michigan State,
10,Richie Ludwig,F,11-May,So.,2024,Michigan State,160
11,Zack Babiak,F,1-Jun,Sr.,2024,Michigan State,178
12,Cristiano Bruletti,M,11-May,Jr.,2024,Michigan State,150
13,Myles Foster,D,3-Jun,R-Fr.,2024,Michigan State,180
14,Josh Adam,D,2-Jun,R-Jr.,2024,Michigan State,172
15,Oscar Huerta,F,1-Jun,Fr.,2024,Michigan State,170
16,Colin Arce,M,10-May,So.,2024,Michigan State,152
17,Jeremy Sharp,D,11-May,Jr.,2024,Michigan State,160
18,Kyle Schueneman,F,9-May,Jr.,2024,Michigan State,160
19,Jack Guggemos,M,11-May,Jr.,2024,Michigan State,150
20,Sean Kerrigan,M,10-May,Sr.,2024,Michigan State,160
21,Aidan Phelan,D,8-May,So.,2024,Michigan State,150
22,Jake Spadafora,F,11-May,Jr.,2024,Michigan State,170
23,Levin Gerhardt,F,3-Jun,Sr.,2024,Michigan State,195
24,Shion Soga,M,7-May,Sr.,2024,Michigan State,144
26,Josh Mason,D,5-Jun,Jr.,2024,Michigan State,190
28,Jake Grekowicz,GK,3-Jun,Fr.,2024,Michigan State,
30,Zac Kelly,GK,1-Jun,R-Jr.,2024,Michigan State,190
32,Alec Laible,GK,3-Jun,R-Fr.,2024,Michigan State,203
1,Andrew Nicholsen,GK,3-Jun,R-Sr.,2023,Michigan State,195
2,Will Eby,D,1-Jun,Fr.,2023,Michigan State,167
3,Elijah Howe,D,2-Jun,Sr.,2023,Michigan State,187
4,Chase Inscho,D,1-Jun,Sr.,2023,Michigan State,187
5,Jack Zugay,M,1-Jun,Sr.,2023,Michigan State,160
6,Jonathan Stout,F,10-May,So.,2023,Michigan State,160
7,Vedad Kovac,M,9-May,Sr.,2023,Michigan State,152
8,Efosa Emovon,F,1-Jun,Jr.,2023,Michigan State,176
9,Greyson Mercer,F,2-Jun,Sr.,2023,Michigan State,201
10,Richie Ludwig,F,11-May,Fr.,2023,Michigan State,160
11,Zack Babiak,F,1-Jun,Jr.,2023,Michigan State,178
12,Cristiano Bruletti,M,11-May,So.,2023,Michigan State,150
13,Myles Foster,D,3-Jun,Fr.,2023,Michigan State,180
14,Josh Adam,D,2-Jun,Jr.,2023,Michigan State,172
15,Jacob Cromer,M,11-May,Sr.,2023,Michigan State,166
16,Colin Arce,M,10-May,Fr.,2023,Michigan State,152
17,Jeremy Sharp,D,11-May,So.,2023,Michigan State,160
18,Kyle Schueneman,F,9-May,So.,2023,Michigan State,160
19,Jack Guggemos,M,11-May,So.,2023,Michigan State,150
20,Sean Kerrigan,M,10-May,Jr.,2023,Michigan State,160
21,Aidan Phelan,D,8-May,Fr.,2023,Michigan State,150
22,Jake Spadafora,F,11-May,So.,2023,Michigan State,170
26,Josh Mason,D,5-Jun,So.,2023,Michigan State,190
30,Zac Kelly,GK,1-Jun,R-So.,2023,Michigan State,190
32,Alec Laible,GK,3-Jun,Fr.,2023,Michigan State,203
1,Owen Finnerty,GK,2-Jun,Sr.,2022,Michigan State,195
2,Jack Beck,M,1-Jun,Gr.,2022,Michigan State,174
3,Elijah Howe,D,2-Jun,Jr.,2022,Michigan State,193
4,Chase Inscho,D,1-Jun,R-So.,2022,Michigan State,187
5,Jack Zugay,M,1-Jun,Jr.,2022,Michigan State,160
6,Jonathan Stout,F,10-May,Fr.,2022,Michigan State,
7,Vedad Kovac,M,9-May,Jr.,2022,Michigan State,152
8,Efosa Emovon,F,1-Jun,So.,2022,Michigan State,176
9,Greyson Mercer,F,2-Jun,Jr.,2022,Michigan State,201
10,Gianni Ferri,F,1-Jun,Sr.,2022,Michigan State,177
11,Zack Babiak,F,1-Jun,So.,2022,Michigan State,168
12,Nick Stone,D,10-May,Sr.,2022,Michigan State,154
13,Conner George,F,2-Jun,Sr.,2022,Michigan State,170
14,Josh Adam,D,2-Jun,So.,2022,Michigan State,172
15,Jacob Cromer,M,10-May,Jr.,2022,Michigan State,166
16,Kellan Landefeld,M,8-May,R-Jr.,2022,Michigan State,145
17,Jeremy Sharp,D,11-May,Fr.,2022,Michigan State,160
18,Kyle Schueneman,F,9-May,Fr.,2022,Michigan State,160
19,Jack Guggemos,M,11-May,Fr.,2022,Michigan State,150
20,Tyler Crawford,F,8-May,Fr.,2022,Michigan State,160
21,Jake Spadafora,F,11-May,Fr.,2022,Michigan State,170
22,Will Perkins,D,8-May,R-Sr.,2022,Michigan State,150
23,Louis Sala,M,8-May,Gr.,2022,Michigan State,143
24,Alaa Algahim,F,1-Jun,R-Jr.,2022,Michigan State,155
26,Josh Mason,D,5-Jun,Fr.,2022,Michigan State,190
29,Andrew Nicholsen,GK,3-Jun,R-Jr.,2022,Michigan State,195
30,Zac Kelly,GK,11-May,R-Fr.,2022,Michigan State,185
32,Lance McGrane,GK,2-Jun,So.,2022,Michigan State,199
1,Hayden Evans,GK,6' 3'',Sr.,2024,Michigan,193
2,Patrick O'Toole,D/M,5' 9'',So.,2024,Michigan,159
3,Matthew Fisher,D,5' 9'',So.,2024,Michigan,171
4,Nolan Miller,D,6' 2'',Jr.,2024,Michigan,194
5,Will Baker,D,6' 4'',So.,2024,Michigan,195
6,Quin Rogers,M/F,5' 10'',Gr.,2024,Michigan,168
7,Jason Bucknor,D/M,6' 1'',Sr.,2024,Michigan,171
8,Rocky Perez,M,5' 11'',Jr.,2024,Michigan,
10,Uriel Zeitz,F/MF,5' 7'',Gr.,2024,Michigan,158
11,Bryce Blevins,D/M,5' 8'',Gr.,2024,Michigan,157
12,Nicholas Cassiday,M/F,5' 8'',Jr.,2024,Michigan,164
13,Duilio Herrera,M/F,5' 10'',So.,2024,Michigan,140
14,Benjamin Feinstein,M,5' 10'',So.,2024,Michigan,155
15,Oliver Martin,F,5' 9'',Jr.,2024,Michigan,143
16,Murphy Parker,M,5' 10'',So.,2024,Michigan,
17,Joao Paulo Ramos,M,5' 9'',So.,2024,Michigan,151
18,Zach Martens,M,5' 10'',Jr.,2024,Michigan,158
19,Kyle Pierson,M/F,5' 7'',So.,2024,Michigan,149
20,Ethan Wood,GK,6' 0'',Gr.,2024,Michigan,167
21,Beto Soto,F,5' 7'',Gr.,2024,Michigan,
22,Michael Leon,F/MF,5' 7'',Sr.,2024,Michigan,152
23,Jonathan Nabaka,D,5' 11'',So.,2024,Michigan,162
25,Dubem Obilo,D,6' 0'',Jr.,2024,Michigan,180
27,Dylan Davis,D/M,6' 3'',So.,2024,Michigan,180
28,Isaiah Goldson,GK,6' 0'',So.,2024,Michigan,187
29,Grayson Elmquist,F,6' 1'',So.,2024,Michigan,
33,Charlie Lawrence,M,5' 11'',Sr.,2024,Michigan,170
34,Kamau Brame,M,6' 0'',Fr.,2024,Michigan,
35,Alen Bean,GK,6' 2'',Fr.,2024,Michigan,
36,Pierre Lurot,D,6' 3'',Gr.,2024,Michigan,
1,Hayden Evans,GK,6' 3'',Jr.,2023,Michigan,193
2,Jason Bucknor,D,6' 1'',Jr.,2023,Michigan,171
3,Matthew Fisher,D,5' 9'',Fr.,2023,Michigan,171
4,Nolan Miller,D,6' 2'',So.,2023,Michigan,194
5,Jens Hoff,D,6' 2'',Sr.,2023,Michigan,200
6,Quin Rogers,MF,5' 10'',Sr.,2023,Michigan,168
7,Alex Waggoner,F,6' 1'',Fr.,2023,Michigan,164
8,Simon Vasquez,MF,5' 11'',Sr.,2023,Michigan,160
9,Nick Bourgeois,M,6' 0'',Sr.,2023,Michigan,156
10,Uriel Zeitz,F/MF,5' 7'',Gr.,2023,Michigan,158
11,Bryce Blevins,MF,5' 8'',Sr.,2023,Michigan,157
12,Nicholas Cassiday,M/F,5' 8'',So.,2023,Michigan,164
13,Duilio Herrera,M/F,5' 10'',Fr.,2023,Michigan,140
14,Benjamin Feinstein,M,5' 10'',Fr.,2023,Michigan,155
15,Oliver Martin,F,5' 9'',So.,2023,Michigan,143
16,Murphy Parker,M,5' 10'',Fr.,2023,Michigan,
17,Joao Paulo Ramos,M,5' 9'',Fr.,2023,Michigan,151
18,Zach Martens,M,5' 10'',So.,2023,Michigan,158
19,Kyle Pierson,M,5' 7'',Fr.,2023,Michigan,149
20,Ethan Wood,GK,6' 0'',Sr.,2023,Michigan,167
21,Bode Saul,MF,5' 10'',Sr.,2023,Michigan,170
22,Michael Leon,F/MF,5' 7'',Jr.,2023,Michigan,152
23,Jonathan Nabaka,D,5' 11'',Fr.,2023,Michigan,162
24,Patrick O'Toole,D/M,5' 9'',Fr.,2023,Michigan,159
25,Dubem Obilo,D,6' 0'',So.,2023,Michigan,180
26,Moshtaba Al-Hasnawi,D,5' 11'',Gr.,2023,Michigan,150
27,Dylan Davis,D,6' 3'',Fr.,2023,Michigan,180
28,Isaiah Goldson,GK,6' 0'',Fr.,2023,Michigan,187
29,Riley Ferch,M,5' 10'',Gr.,2023,Michigan,140
30,Will Baker,D,6' 4'',Fr.,2023,Michigan,195
33,Charlie Lawrence,M,5' 11'',Jr.,2023,Michigan,170
35,Erik Josson,GK,6' 1'',Sr.,2023,Michigan,183
1,Hayden Evans,GK,6' 3'',So.,2022,Michigan,193
2,Jason Bucknor,D,6' 1'',So.,2022,Michigan,176
3,Ryan Schultz,D,6' 0'',Sr.,2022,Michigan,175
4,Nolan Miller,D,6' 2'',Fr.,2022,Michigan,185
5,Jens Hoff,D,6' 2'',Jr.,2022,Michigan,187
6,Quin Rogers,MF,5' 10'',Jr.,2022,Michigan,156
7,Derick Broche,F,6' 0'',Sr.,2022,Michigan,191
8,Inaki Rodriguez,MF/F,5' 10'',Sr.,2022,Michigan,150
9,Evan Rasmussen,F,6' 3'',Sr.,2022,Michigan,200
10,Uriel Zeitz,F/MF,5' 7'',Sr.,2022,Michigan,158
11,Bryce Blevins,MF,5' 7'',Jr.,2022,Michigan,150
12,Nicholas Cassiday,M/F,5' 6'',Fr.,2022,Michigan,156
13,Declan Gaffney,D,5' 11'',Gr.,2022,Michigan,170
14,Harrison Pithers,D/MF,5' 8'',Sr.,2022,Michigan,140
15,Oliver Martin,F,5' 9'',Fr.,2022,Michigan,142
16,Christian Pulselli,F,6' 0'',Sr.,2022,Michigan,165
17,Cameron Martin,MF,5' 9'',Sr.,2022,Michigan,158
18,Zach Martens,M,5' 8'',Fr.,2022,Michigan,148
19,Kevin Buca,MF,5' 4'',Gr.,2022,Michigan,140
20,Ethan Wood,GK,6' 0'',Jr.,2022,Michigan,163
21,Bode Saul,MF,5' 10'',Jr.,2022,Michigan,165
22,Michael Leon,F/MF,5' 7'',So.,2022,Michigan,146
23,Nicholas Kaloukian,F,6' 1'',Fr.,2022,Michigan,186
24,Simon Vasquez,MF,5' 11'',Jr.,2022,Michigan,160
25,Dubem Obilo,D,6' 0'',Fr.,2022,Michigan,182
26,Moshtaba Al-Hasnawi,F/MF,5' 11'',Sr.,2022,Michigan,150
29,Niklas Dossmann,D,6' 1'',Fr.,2022,Michigan,173
30,Brennan Callow,D,6' 6'',Sr.,2022,Michigan,219
31,Erik Josson,GK,6' 1'',Jr.,2022,Michigan,188
32,Laith Alhiyafi,F/MF,5' 6'',So.,2022,Michigan,130
33,Daniel Massey,MF,5' 10'',Jr.,2022,Michigan,171
1,Owen Finnerty,GK,6' 1'',Jr.,2021,Michigan,195
2,Jason Bucknor,D,6' 1'',Fr.,2021,Michigan,170
3,Ryan Schultz,D,6' 0'',Jr.,2021,Michigan,175
4,Joel Harrison,D,6' 0'',Gr.,2021,Michigan,170
5,Jens Hoff,D,6' 2'',So.,2021,Michigan,195
6,Quin Rogers,MF,5' 10'',So.,2021,Michigan,160
7,Derick Broche,F,6' 0'',Sr.,2021,Michigan,185
8,Inaki Rodriguez,MF/F,5' 10'',Jr.,2021,Michigan,150
9,Mohammed Zakyi,MF/F,6' 1'',5th,2021,Michigan,175
10,Umar Farouk Osman,D,5' 9'',Gr.,2021,Michigan,135
11,Bryce Blevins,MF,5' 8'',So.,2021,Michigan,170
12,Austin Swiech,D/MF,5' 11'',5th,2021,Michigan,165
13,Declan Gaffney,D,5' 11'',Sr.,2021,Michigan,180
14,Harrison Pithers,D/MF,5' 8'',Jr.,2021,Michigan,140
15,Evan Rasmussen,F,6' 3'',Jr.,2021,Michigan,200
16,Christian Pulselli,F,6' 0'',Jr.,2021,Michigan,165
17,Cameron Martin,MF,5' 9'',Sr.,2021,Michigan,155
18,Uriel Zeitz,F/MF,5' 7'',Jr.,2021,Michigan,155
19,Kevin Buca,MF,5' 4'',Sr.,2021,Michigan,140
20,Ethan Wood,GK,6' 0'',So.,2021,Michigan,160
21,Bode Saul,MF,5' 10'',So.,2021,Michigan,165
22,Michael Leon,F/MF,5' 7'',Fr.,2021,Michigan,150
23,Marc Ybarra,MF,6' 1'',5th,2021,Michigan,180
24,Simon Vasquez,MF,5' 11'',So.,2021,Michigan,160
26,C.Y. Cheng,D,5' 9'',Sr.,2021,Michigan,170
27,Moshtaba Al-Hasnawi,F/MF,5' 11'',Jr.,2021,Michigan,150
28,Jamis Fite,GK,6' 3'',So.,2021,Michigan,195
30,Brennan Callow,D,6' 6'',Jr.,2021,Michigan,215
31,Hayden Evans,GK,6' 3'',Fr.,2021,Michigan,190
32,Laith Alhiyafi,F/MF,5' 6'',Fr.,2021,Michigan,130
33,Daniel Massey,MF,5' 10'',So.,2021,Michigan,165
1,Max Trejo,Goalkeeper,6' 2'',R-Jr.,2024,Ohio St,165
2,Dyland Onwona-Agyeman,Defender,6' 0'',Jr.,2024,Ohio St,155
3,Nathan Demian,Defender,5' 10'',R-Jr.,2024,Ohio St,170
4,Nick McHenry,Defender,6' 3'',Fr.,2024,Ohio St,160
5,Johnny Rush,Midfielder,5' 11'',Fr.,2024,Ohio St,160
6,Thomas Gilej,Defender,6' 3'',R-Sr.,2024,Ohio St,180
7,Marko Borkovic,Midfielder,5' 11'',Jr.,2024,Ohio St,160
8,Andre Roberts,Midfielder,5' 11'',So.,2024,Ohio St,170
9,Tanner Creech,Forward,6' 3'',Jr.,2024,Ohio St,180
10,Parker Grinstead,Midfielder,5' 9'',Sr.,2024,Ohio St,145
11,Luciano Pechota,Midfielder,5' 6'',Jr.,2024,Ohio St,150
12,Deylen Vellios,Defender,5' 8'',Sr.,2024,Ohio St,160
14,Nick Skubis,Midfielder,5' 10'',Fr.,2024,Ohio St,165
15,Ashton Bilow,Midfielder,5' 10'',Jr.,2024,Ohio St,140
16,Anthony Samways,Midfielder,5' 9'',Sr.,2024,Ohio St,140
17,Michael Adedokun,Midfielder,5' 8'',Sr.,2024,Ohio St,160
18,David Ajagbe,Forward,6' 1'',Fr.,2024,Ohio St,170
20,Jacob Maisonneuve,Midfielder,6' 1'',R-So.,2024,Ohio St,170
21,Tommaso Villa,Midfielder,5' 9'',Sr.,2024,Ohio St,175
23,Donovan Williams,Defender,5' 11'',Jr.,2024,Ohio St,155
24,RJ Stoller,Goalkeeper,6' 2'',R-So.,2024,Ohio St,175
25,David Wrona,Midfielder,5' 11'',Gr.,2024,Ohio St,165
26,Cole Evans,Midfielder,5' 9'',Fr.,2024,Ohio St,140
28,Luke Laramore,Goalkeeper,6' 2'',Fr.,2024,Ohio St,170
29,Zsombor Onodi,Forward,5' 10'',R-Fr.,2024,Ohio St,160
30,Siggi Magnusson,Defender,6' 2'',Gr.,2024,Ohio St,170
32,Patrick McLaughlin,Goalkeeper,6' 3'',R-Fr.,2024,Ohio St,200
1,Peter Van Euwen,GK,5' 11'',R-Jr.,2023,Ohio St,175
2,Dyland Onwona-Agyeman,Defender,6' 0'',R-So.,2023,Ohio St,155
3,Nathan Demian,Defender,5' 10'',R-Jr.,2023,Ohio St,170
4,Owen Sullivan,Defender,5' 10'',R-Sr.,2023,Ohio St,170
5,Brayden Durbin,Midfielder,5' 10'',Gr.,2023,Ohio St,150
6,Thomas Gilej,Defender,6' 3'',Sr.,2023,Ohio St,180
7,Marko Borkovic,Midfielder,5' 11'',Jr.,2023,Ohio St,160
8,Laurence Wootton,Midfielder,5' 9'',Sr.,2023,Ohio St,160
9,Tanner Creech,Forward,6' 3'',Jr.,2023,Ohio St,180
10,Parker Grinstead,Midfielder,5' 9'',Sr.,2023,Ohio St,145
11,Luciano Pechota,Midfielder,5' 6'',Jr.,2023,Ohio St,150
12,Deylen Vellios,Defender,5' 8'',Sr.,2023,Ohio St,160
13,Reed Davis,Forward,6' 1'',Gr.,2023,Ohio St,185
14,Andre Roberts,Midfielder,5' 11'',So.,2023,Ohio St,170
15,Ashton Bilow,Midfielder,5' 10'',Jr.,2023,Ohio St,140
16,Anthony Samways,Midfielder,5' 9'',Sr.,2023,Ohio St,140
17,Michael Adedokun,Midfielder,5' 8'',Sr.,2023,Ohio St,160
18,Sean Ryan,Defender,6' 3'',R-Sr.,2023,Ohio St,175
20,Jacob Maisonneuve,Midfielder,6' 1'',R-Jr.,2023,Ohio St,170
21,Tommaso Villa,Midfielder,5' 9'',Sr.,2023,Ohio St,175
23,Donovan Williams,Defender,5' 11'',Jr.,2023,Ohio St,155
24,RJ Stoller,Goalkeeper,6' 2'',R-So.,2023,Ohio St,175
25,David Wrona,Midfielder,5' 11'',Gr.,2023,Ohio St,165
28,Max Trejo,Goalkeeper,6' 2'',R-Jr.,2023,Ohio St,165
29,Zsombor Onodi,Forward,5' 10'',R-Fr.,2023,Ohio St,160
30,Siggi Magnusson,Defender,6' 2'',Gr.,2023,Ohio St,172
31,Connor DesRoches,Defender,6' 3'',Sr.,2023,Ohio St,195
32,Patrick McLaughlin,Goalkeeper,6' 3'',So.,2023,Ohio St,200
1,Keagan McLaughlin,Goalkeeper,6' 4'',Sr.,2022,Ohio St,190
2,Dyland Onwona-Agyeman,Defender,6' 0'',Fr.,2022,Ohio St,155
3,Nathan Demian,Defender,5' 10'',So.,2022,Ohio St,170
4,Owen Sullivan,Defender,5' 10'',R-Jr.,2022,Ohio St,170
5,Brayden Durbin,Midfielder,5' 10'',Sr.,2022,Ohio St,150
6,Thomas Gilej,Defender,6' 3'',Jr.,2022,Ohio St,180
7,Joakim Jahnsen,Midfielder,5' 7'',So.,2022,Ohio St,155
8,Laurence Wootton,Midfielder,5' 9'',Jr.,2022,Ohio St,160
9,Devyn Etling,Forward,6' 0'',R-Sr.,2022,Ohio St,180
10,Parker Grinstead,Midfielder,5' 9'',Jr.,2022,Ohio St,145
11,Xavier Green,Midfielder,5' 8'',Sr.,2022,Ohio St,160
12,Deylen Vellios,Defender,5' 8'',Jr.,2022,Ohio St,160
13,Reed Davis,Forward,6' 1'',R-Sr.,2022,Ohio St,185
14,Luciano Pechota,Midfielder,5' 6'',Fr.,2022,Ohio St,150
15,Ashton Bilow,Midfielder,5' 10'',Fr.,2022,Ohio St,140
16,Anthony Samways,Midfielder,5' 9'',So.,2022,Ohio St,140
17,Marko Borkovic,Midfielder,5' 11'',Fr.,2022,Ohio St,160
18,Sean Ryan,Defender,6' 3'',R-Jr.,2022,Ohio St,175
20,Jacob Maisonneuve,Midfielder,6' 1'',Fr.,2022,Ohio St,170
21,Chris Dowling,Midfielder,5' 11'',R-Jr.,2022,Ohio St,160
23,Donovan Williams,Defender,5' 11'',Fr.,2022,Ohio St,155
24,RJ Stoller,Goalkeeper,6' 2'',Fr.,2022,Ohio St,175
28,Max Trejo,Goalkeeper,6' 2'',R-Fr.,2022,Ohio St,165
29,Nick Isaac,Forward,5' 8'',So.,2022,Ohio St,165
30,Tanner Creech,Forward,6' 3'',Fr.,2022,Ohio St,180
31,Connor DesRoches,Defender,6' 3'',Jr.,2022,Ohio St,195
32,Peter Van Euwen,Goalkeeper,5' 11'',R-So.,2022,Ohio St,175
1,Noah Lawrence,Goalkeeper,6' 1'',Sr.,2021,Ohio St,185
1,Keagan McLaughlin,Goalkeeper,6' 4'',Sr.,2021,Ohio St,190
3,Nathan Demian,Defender,5' 10'',So.,2021,Ohio St,170
4,Samuel Buzzas,Defender,6' 4'',R-Sr.,2021,Ohio St,190
4,Owen Sullivan,Defender,5' 10'',R-Jr.,2021,Ohio St,170
5,Brayden Durbin,Midfielder,5' 10'',Sr.,2021,Ohio St,150
6,Thomas Gilej,Defender,6' 3'',Jr.,2021,Ohio St,180
6,Joe Ortiz,Midfielder,6' 0'',Sr.,2021,Ohio St,175
7,Joakim Jahnsen,Midfielder,5' 7'',So.,2021,Ohio St,155
7,Luke Kiley,Midfielder,5' 8'',Sr.,2021,Ohio St,155
8,Channing Chasten,Forward,5' 11'',Jr.,2021,Ohio St,165
8,Laurence Wootton,Midfielder,5' 9'',Jr.,2021,Ohio St,160
9,Devyn Etling,Forward,6' 0'',R-Sr.,2021,Ohio St,180
10,Parker Grinstead,Midfielder,5' 9'',Jr.,2021,Ohio St,145
11,Xavier Green,Midfielder,5' 8'',Sr.,2021,Ohio St,160
12,Deylen Vellios,Defender,5' 8'',Jr.,2021,Ohio St,160
13,Luis Hernandez,Midfielder,5' 5'',R-Sr.,2021,Ohio St,160
15,Tommy Marusic,Defender,6' 0'',R-So.,2021,Ohio St,170
16,Anthony Samways,Midfielder,5' 9'',So.,2021,Ohio St,140
18,Sean Ryan,Defender,6' 3'',R-Jr.,2021,Ohio St,175
19,Sam Mason,Midfielder,6' 0'',R-Jr.,2021,Ohio St,185
21,Chris Dowling,Midfielder,5' 11'',R-Sr.,2021,Ohio St,160
23,Ty Konrad,Forward,5' 11'',So.,2021,Ohio St,155
26,Tommaso Villa,Midfielder,5' 9'',So.,2021,Ohio St,175
28,Max Trejo,Goalkeeper,6' 2'',R-Fr.,2021,Ohio St,165
29,Nick Isaac,Forward,5' 8'',So.,2021,Ohio St,165
30,Blake Collins,Defender,5' 11'',R-Fr.,2021,Ohio St,180
31,Connor DesRoches,Defender,6' 3'',Jr.,2021,Ohio St,195
32,Peter Van Euwen,Goalkeeper,5' 11'',R-So.,2021,Ohio St,175
1,Andrew Cooke,Goalkeeper,4-Jun,Graduate Student,2024,Penn State,
2,Mohamed Cisset,Defender,2-Jun,Sophomore,2024,Penn State,
3,Matthew Henderson,Defender,10-May,Junior,2024,Penn State,
4,Samuel Ovesen,Defender,1-Jun,Junior,2024,Penn State,
5,Sebastián Vainstein,Midfielder,8-May,Redshirt Sophomore,2024,Penn State,
6,Malick Daouda,Midfielder,3-Jun,Freshman,2024,Penn State,
7,Chase Oliver,Forward,10-May,Graduate Student,2024,Penn State,
8,Michael Hewes,Midfielder,11-May,Graduate Student,2024,Penn State,
9,Atem Kato,Forward,11-May,Senior,2024,Penn State,
10,Freddie Bell,Midfielder,11-May,Sophomore,2024,Penn State,
11,Caden Grabfelder,Midfielder,1-Jun,Sophomore,2024,Penn State,
12,Sean Bettenhausen,Midfielder,1-Jun,Senior,2024,Penn State,
14,Morgan Marshall,Defender,10-May,Sophomore,2024,Penn State,
15,Aboubacar Camara,Forward,10-May,Graduate Student,2024,Penn State,
16,Tyler Flowers,Midfielder,11-May,Freshman,2024,Penn State,
18,Christian Dionne,Forward,8-May,Junior,2024,Penn State,
19,Bryce Flowers,Forward,11-May,Freshman,2024,Penn State,
20,Ben Liscum,Midfielder,1-Jun,Redshirt Junior,2024,Penn State,
21,Ben Madore,Midfielder,9-May,Sophomore,2024,Penn State,
22,Van Danielson,Forward,10-May,Redshirt Junior,2024,Penn State,
23,Conor Clair,Midfielder,1-Jun,Freshman,2024,Penn State,
24,Sebastian Delacruz,Defender,11-May,Freshman,2024,Penn State,
25,Jack Bonas,Defender,2-Jun,Graduate Student,2024,Penn State,
26,Conrad Brady,Midfielder,8-May,Sophomore,2024,Penn State,
27,Jonathan Evans,Goalkeeper,1-Jun,Freshman,2024,Penn State,
28,Kojo Dadzie,Midfielder,10-May,Graduate Student,2024,Penn State,
31,Fredrick Grundin,Goalkeeper,1-Jun,Redshirt Freshman,2024,Penn State,
1,Kris Shakes,Goalkeeper,10-May,Fifth,2023,Penn State,
2,Femi Awodesu,Defender,3-Jun,Senior,2023,Penn State,
3,Matthew Henderson,Defender,10-May,Sophomore,2023,Penn State,
4,Samuel Ovesen,Defender,1-Jun,Sophomore,2023,Penn State,
5,Sebastián Vainstein,Midfielder,8-May,Sophomore,2023,Penn State,
6,Mohamed Cisset,Defender,2-Jun,Freshman,2023,Penn State,
7,Liam Butts,Forward,1-Jun,Fifth,2023,Penn State,
8,Peter Mangione,Forward,10-May,Senior,2023,Penn State,
9,Atem Kato,Forward,11-May,Junior,2023,Penn State,
10,Freddie Bell,Midfielder,11-May,Freshman,2023,Penn State,
11,Caden Grabfelder,Midfielder,1-Jun,Freshman,2023,Penn State,
12,Sean Bettenhausen,Midfielder,1-Jun,Junior,2023,Penn State,170
13,Kaleb Alva,Defender,8-May,Sophomore,2023,Penn State,
14,Diego Diaz,Defender,1-Jun,Freshman,2023,Penn State,
15,Cohen Weaver,Midfielder,7-May,Sophomore,2023,Penn State,
16,Quentin Flowers,Midfielder,8-May,Sophomore,2023,Penn State,
17,Samson Kpardeh,Forward,8-May,Freshman,2023,Penn State,
18,Alex Stevenson,Defender,9-May,Fifth,2023,Penn State,
19,Morgan Marshall,Defender,10-May,Freshman,2023,Penn State,
20,Ben Liscum,Midfielder,1-Jun,Junior,2023,Penn State,
21,Ben Madore,Midfielder,9-May,Freshman,2023,Penn State,
22,Van Danielson,Midfielder,10-May,Junior,2023,Penn State,
24,Ben Ofori,Defender,10-May,Sophomore,2023,Penn State,
25,Tyler Flynn,Midfielder,11-May,Freshman,2023,Penn State,
26,Conrad Brady,Midfielder,8-May,Freshman,2023,Penn State,
27,Owen Elliott,Goalkeeper,1-Jun,Fifth,2023,Penn State,
30,Ryan Aiken,Goalkeeper,2-Jun,Sophomore,2023,Penn State,
31,Fredrick Grundin,Goalkeeper,1-Jun,Freshman,2023,Penn State,
1,Kris Shakes,Goalkeeper,10-May,Senior,2022,Penn State,182
2,Femi Awodesu,Defense,3-Jun,Junior,2022,Penn State,175
3,Matthew Henderson,Defense,10-May,Freshman,2022,Penn State,
4,Samuel Ovesen,Defense,1-Jun,Freshman,2022,Penn State,175
5,Sebastián Vainstein,Midfield,8-May,Freshman,2022,Penn State,
6,Andrew Privett,Midfield,1-Jun,Senior,2022,Penn State,170
7,Liam Butts,Forward,1-Jun,Senior,2022,Penn State,165
8,Peter Mangione,Midfield/Forward,10-May,Junior,2022,Penn State,165
9,Atem Kato,Forward,11-May,Sophomore,2022,Penn State,
10,Seth Kuhn,Midfield,11-May,Graduate Student,2022,Penn State,157
12,Sean Bettenhausen,Midfield,10-May,Sophomore,2022,Penn State,165
13,Kaleb Alva,Defender,8-May,Freshman,2022,Penn State,165
14,Michael Gaines,Defense,1-Jun,Senior,2022,Penn State,165
15,Cohen Weaver,Midfield,7-May,Freshman,2022,Penn State,
16,Quentin Flowers,Defense/Midfield,8-May,Freshman,2022,Penn State,160
18,Alex Stevenson,Defense,9-May,Senior,2022,Penn State,165
20,Ben Liscum,Midfield,1-Jun,Redshirt Freshman,2022,Penn State,160
21,Kyle May,Midfield,11-May,Senior,2022,Penn State,180
22,Van Danielson,Midfield,10-May,Redshirt Freshman,2022,Penn State,165
23,Jalen Watson,Defense,1-Jun,Senior,2022,Penn State,165
24,Ben Ofori,Defense,10-May,Freshman,2022,Penn State,
25,Olu Ogunwale,Defense,8-May,Senior+,2022,Penn State,160
27,Owen Elliott,Goalkeeper,1-Jun,Redshirt Junior,2022,Penn State,160
30,Ryan Aiken,Goalkeeper,2-Jun,Freshman,2022,Penn State,
-,Christopher Palacios,Goalkeeper,8-Jun,Graduate Student,2022,Penn State,220
1,Kris Shakes,Goalkeeper,11-May,Junior,2021,Penn State,182
3,Brandon Hackenberg,Defense,1-Jun,Redshirt Senior+,2021,Penn State,175
6,Andrew Privett,Midfield,2-Jun,Junior,2021,Penn State,170
7,Liam Butts,Forward,1-Jun,Junior,2021,Penn State,165
8,Peter Mangione,Midfield/Forward,10-May,Sophomore,2021,Penn State,165
9,Danny Bloyou,Forward,8-May,Senior,2021,Penn State,156
10,Seth Kuhn,Midfield,11-May,Senior,2021,Penn State,157
11,Pierre Reedy,Midfield,1-Jun,Redshirt Senior,2021,Penn State,160
12,Sean Bettenhausen,Midfield,1-Jun,Freshman,2021,Penn State,165
13,Alex Morgret,Goalkeeper,1-Jun,Senior,2021,Penn State,180
14,Michael Gaines,Defense,1-Jun,Junior,2021,Penn State,165
15,Adam Laundree,Defense,10-May,Redshirt Junior,2021,Penn State,175
16,Keegan Ness,Midfield,8-May,Redshirt Senior,2021,Penn State,163
17,Tyger Evans,Defense,7-May,Sophomore,2021,Penn State,140
18,Alex Stevenson,Defense,9-May,Junior,2021,Penn State,165
19,Omar Ozbay,Midfield,10-May,Redshirt Sophomore,2021,Penn State,154
20,Ben Liscum,Midfield,1-Jun,Freshman,2021,Penn State,160
21,Kyle May,Midfield,11-May,Junior,2021,Penn State,180
22,Van Danielson,Midfield,10-May,Freshman,2021,Penn State,165
23,Jalen Watson,Defense,1-Jun,Junior,2021,Penn State,165
25,Dax Hoffman,Defense,10-May,Senior+,2021,Penn State,165
27,Owen Elliott,Goalkeeper,1-Jun,Redshirt Sophomore,2021,Penn State,160
28,Femi Awodesu,Defense,3-Jun,Sophomore,2021,Penn State,175
30,David Adelsberg,Goalkeeper,10-May,Sophomore,2021,Penn State,170
-,Christopher Palacios,Goalkeeper,7-Jun,Graduate Student,2021,Penn State,220
0,Aurie Briscoe,GK,1-Jun,Sr.,2024,Rutgers,180
1,Ciaran Dalton,GK,2-Jun,Jr.,2024,Rutgers,180
2,Sawyer Koza,D,8-May,Jr.,2024,Rutgers,165
3,Devon Stopek,D,1-Jun,So.,2024,Rutgers,160
4,Nick Collins,D,4-Jun,So.,2024,Rutgers,190
5,Arnar Adalsteinsson,D,3-Jun,Fr.,2024,Rutgers,190
6,Scott Godden,D,11-May,Fr.,2024,Rutgers,160
7,Joey Zalinsky,D,9-May,Sr.,2024,Rutgers,170
8,Cole Cruthers,MF,8-May,Jr.,2024,Rutgers,140
9,Curt Calov,MF,9-May,Sr.,2024,Rutgers,155
10,Ian Abbey,F,7-May,Jr.,2024,Rutgers,140
11,Anthony Morano,F,1-Jun,Fr.,2024,Rutgers,170
12,Lenny Aviles,MF/F,10-May,Fr.,2024,Rutgers,170
13,Thomas Angelone,MF,11-May,Fr.,2024,Rutgers,175
15,Nico Rosamilia,F,1-Jun,Sr.,2024,Rutgers,170
16,Dylan Carlson,MF,10-May,Fr.,2024,Rutgers,160
17,Ola Maeland,F,1-Jun,Gr.,2024,Rutgers,165
18,Illia Tyrkus,MF/F,11-May,Fr.,2024,Rutgers,165
19,Eddie Krupski,F,4-Jun,Fr.,2024,Rutgers,195
21,Nestor Cabrera,MF,10-May,Jr.,2024,Rutgers,180
22,Francesco Di Ponzio,MF,8-May,So.,2024,Rutgers,140
23,Aidan Flynn,D,4-Jun,Sr.,2024,Rutgers,185
24,Matty Lynch,F,11-May,Fr.,2024,Rutgers,165
26,Erick Ruiz,D,8-May,So.,2024,Rutgers,145
29,Bryan Keating,D,11-May,Sr.,2024,Rutgers,180
31,Graham Kois,GK,1-Jun,Fr.,2024,Rutgers,180
32,Andrew Noel,GK,5-Jun,Sr.,2024,Rutgers,225
88,Kristófer Arnarsson,MF,3-Jun,Fr.,2024,Rutgers,180
0,Aurie Briscoe,GK,1-Jun,Jr.,2023,Rutgers,180
1,Ciaran Dalton,GK,2-Jun,So.,2023,Rutgers,180
2,Sawyer Koza,D,8-May,So.,2023,Rutgers,
3,Chris Tiao,D,11-May,Gr.,2023,Rutgers,155
4,Nick Collins,D,4-Jun,Fr.,2023,Rutgers,192
5,Saahb Kular,D,3-Jun,Sr.,2023,Rutgers,165
6,Cole Sotack,D,1-Jun,Sr.,2023,Rutgers,160
7,Joey Zalinsky,D,9-May,Jr.,2023,Rutgers,170
8,Gabriel Addo,MF,9-May,Sr.,2023,Rutgers,140
9,Curt Calov,MF,9-May,Jr.,2023,Rutgers,155
10,Jason Bouregy,MF,9-May,Sr.,2023,Rutgers,150
11,Nick Spittle,F,1-Jun,Sr.,2023,Rutgers,160
12,Jackson Temple,MF,5-May,Gr.,2023,Rutgers,125
13,William Baker,MF,1-Jun,So.,2023,Rutgers,165
14,Sam Delgado,F,10-May,So.,2023,Rutgers,155
15,Nico Rosamilia,F,1-Jun,Jr.,2023,Rutgers,170
16,Matthew Acosta,MF,8-May,Jr.,2023,Rutgers,145
17,Ola Maeland,F,1-Jun,Sr.,2023,Rutgers,165
18,Luciano Sanchez,F,11-May,Fr.,2023,Rutgers,175
19,Colin Beasley,F,2-Jun,Sr.,2023,Rutgers,180
20,Ian Abbey,F,7-May,So.,2023,Rutgers,140
21,Nestor Cabrera,MF,10-May,So.,2023,Rutgers,180
22,Francesco Di Ponzio,MF,8-May,Fr.,2023,Rutgers,140
23,Aidan Flynn,D,4-Jun,Jr.,2023,Rutgers,175
24,Cole Cruthers,MF,8-May,So.,2023,Rutgers,140
25,Devon Stopek,D,1-Jun,Fr.,2023,Rutgers,160
26,Erick Ruiz,D,8-May,Fr.,2023,Rutgers,145
27,Jace Orvos,MF/D,1-Jun,Sr.,2023,Rutgers,155
29,Bryan Keating,D,11-May,Jr.,2023,Rutgers,180
32,Andrew Noel,GK,5-Jun,Jr.,2023,Rutgers,225
0,Aurie Briscoe,GK,1-Jun,So.,2022,Rutgers,180
2,Thomas DeVizio,D,8-May,Gr.,2022,Rutgers,155
3,Chris Tiao,D,11-May,Sr.,2022,Rutgers,155
4,Hugo Le Guennec,D,1-Jun,Sr.,2022,Rutgers,170
5,Saahb Kular,D,3-Jun,Jr.,2022,Rutgers,165
6,Cole Sotack,D,1-Jun,Jr.,2022,Rutgers,160
7,Joey Zalinsky,D,9-May,So.,2022,Rutgers,170
8,Gabriel Addo,MF,9-May,Jr.,2022,Rutgers,140
9,MD Myers,F,1-Jun,Sr.,2022,Rutgers,165
10,Pablo Avila,MF,9-May,Gr.,2022,Rutgers,140
11,Nick Spittle,F,1-Jun,Jr.,2022,Rutgers,160
12,Jackson Temple,MF,5-May,Sr.,2022,Rutgers,125
13,William Baker,MF,1-Jun,Fr.,2022,Rutgers,165
14,Sam Delgado,F,10-May,Fr.,2022,Rutgers,155
15,Nico Rosamilia,F,1-Jun,So.,2022,Rutgers,170
16,Matthew Acosta,MF,8-May,So.,2022,Rutgers,145
17,Ola Maeland,F,1-Jun,Jr.,2022,Rutgers,165
18,Jason Bouregy,MF,9-May,Jr.,2022,Rutgers,150
19,Colin Beasley,F,2-Jun,Jr.,2022,Rutgers,180
20,Ian Abbey,F,7-May,Fr.,2022,Rutgers,140
21,Nestor Cabrera,MF,10-May,Fr.,2022,Rutgers,180
22,Randy Arronis,MF,6-May,Sr.,2022,Rutgers,135
23,Aidan Flynn,D,4-Jun,So.,2022,Rutgers,175
24,Cole Cruthers,MF,8-May,Fr.,2022,Rutgers,140
25,Anthony O’Donnell,MF,1-Jun,Sr.,2022,Rutgers,170
26,Keegan Vedder,MF,10-May,Sr.,2022,Rutgers,140
27,Jace Orvos,MF/D,1-Jun,Jr.,2022,Rutgers,155
29,Bryan Keating,D,11-May,So.,2022,Rutgers,180
31,Ciaran Dalton,GK,2-Jun,Fr.,2022,Rutgers,180
32,Dylan van der Walt,GK,4-Jun,Fr.,2022,Rutgers,195
33,Zach Riviere,MF/F,6-May,Gr.,2022,Rutgers,140
0,Aurie Briscoe,GK,1-Jun,Fr.,2021,Rutgers,180
1,Oren Asher,GK,1-Jun,Jr.,2021,Rutgers,170
2,Thomas DeVizio,D,8-May,Sr.,2021,Rutgers,155
3,Chris Tiao,D,11-May,Jr.,2021,Rutgers,155
4,Hugo Le Guennec,D,1-Jun,Jr.,2021,Rutgers,170
6,Cole Sotack,D,1-Jun,So.,2021,Rutgers,160
7,Joey Zalinsky,D,9-May,Fr.,2021,Rutgers,170
8,Gabriel Addo,MF,9-May,So.,2021,Rutgers,140
10,Pablo Avila,MF,9-May,Sr.,2021,Rutgers,140
11,Moussa Sabaly,F,11-May,So.,2021,Rutgers,155
12,Jackson Temple,MF,5-May,Jr.,2021,Rutgers,125
13,Xavi Olmos,MF/D,1-Jun,Gr.,2021,Rutgers,170
14,Ritchie Barry,F,1-Jun,Sr.,2021,Rutgers,165
15,Nico Rosamilia,F,1-Jun,Fr.,2021,Rutgers,170
16,Matthew Acosta,MF,8-May,Fr.,2021,Rutgers,145
17,Ola Maeland,F,1-Jun,So.,2021,Rutgers,165
18,Jason Bouregy,MF,9-May,So.,2021,Rutgers,150
19,Colin Beasley,F,2-Jun,So.,2021,Rutgers,180
20,Nick Cruz,MF,7-May,Sr.,2021,Rutgers,150
22,Randy Arronis,MF,6-May,Jr.,2021,Rutgers,135
23,Aidan Flynn,D,4-Jun,Fr.,2021,Rutgers,175
24,Vincent Borden,D,3-Jun,Gr.,2021,Rutgers,165
25,Anthony O’Donnell,MF,1-Jun,Jr.,2021,Rutgers,170
26,Keegan Vedder,MF,10-May,Jr.,2021,Rutgers,140
27,Jace Orvos,MF/D,1-Jun,So.,2021,Rutgers,155
28,Clement Slavick,D,1-Jun,Jr.,2021,Rutgers,170
29,Bryan Keating,D,11-May,Fr.,2021,Rutgers,180
30,Adam Davies,GK,1-Jun,Fr.,2021,Rutgers,185
31,Chay Kaplan,GK,9-May,So.,2021,Rutgers,150
1,Sam Joseph,GK,6' 4'',Jr.,2024,UCLA,215
2,Tre Wright,D,6' 2'',So.,2024,UCLA,180
3,Youri Senden,D,6' 2'',Gr.,2024,UCLA,178
4,Pietro Grassi,D,6' 1'',Sr.,2024,UCLA,180
5,JC Cortez,D,6' 0'',Jr.,2024,UCLA,175
6,Tarun Karumanchi,MF,5' 11'',Jr.,2024,UCLA,150
7,Edrey Caceres,MF,5' 6'',Gr.,2024,UCLA,150
8,Andre Ochoa,F,5' 9'',Sr.,2024,UCLA,150
9,Jose Contell,F,5' 9'',R-Sr.,2024,UCLA,170
10,Sveinn Hauksson,MF/F,6' 2'',Gr.,2024,UCLA,189
11,Cam Wilkerson,MF,6' 0'',Jr.,2024,UCLA,165
12,Tamir Ratoviz,MF,5' 11'',Fr.,2024,UCLA,164
13,Pablo Greenlee,D,5' 11'',Sr.,2024,UCLA,180
14,Philip Naef,D,5' 11'',So.,2024,UCLA,170
15,Amjot Narang,MF,6' 1'',Jr.,2024,UCLA,160
16,Sebastian Rincon,MF,5' 6'',Jr.,2024,UCLA,130
17,Sam Scott,F,6' 0'',So.,2024,UCLA,180
18,Lucca Adams,GK,6' 1'',Fr.,2024,UCLA,191
19,Nikolai Rojel,F,6' 2'',Jr.,2024,UCLA,190
20,Mateo Pinilla,D,6' 1'',So.,2024,UCLA,155
21,Shakir Nixon,D,5' 11'',Fr.,2024,UCLA,176
22,Wyatt Nelson,GK,6' 3'',So.,2024,UCLA,195
23,Oshea Foster,F,5' 9'',Jr.,2024,UCLA,165
24,Nicholas Cavallo,D,6' 1'',Gr.,2024,UCLA,181
25,Allan Legaspi,D,5' 9'',Fr.,2024,UCLA,159
26,Jacob Diaz,F,6' 1'',So.,2024,UCLA,180
27,Artem Vovk,F,5' 9'',Fr.,2024,UCLA,154
1,Sam Joseph,GK,6' 4'',So.,2023,UCLA,215
2,Grayson Doody,D,5' 10'',Sr.,2023,UCLA,165
3,Tommy Silva,D,5' 10'',Sr.,2023,UCLA,170
4,Pietro Grassi,D,6' 1'',Jr.,2023,UCLA,180
5,Kasper Strom,D,6' 0'',R-Jr.,2023,UCLA,170
6,Tarun Karumanchi,MF,5' 11'',So.,2023,UCLA,150
7,Sean Karani,MF,5' 9'',Gr.,2023,UCLA,160
8,Andre Ochoa,F,5' 9'',Sr.,2023,UCLA,150
9,Jose Contell,F,5' 9'',R-Jr.,2023,UCLA,170
10,Tucker Lepley,MF,5' 7'',R-Jr.,2023,UCLA,145
11,Cam Wilkerson,MF,6' 0'',So.,2023,UCLA,165
12,JC Cortez,D,6' 0'',So.,2023,UCLA,175
13,Pablo Greenlee,D,5' 11'',Sr.,2023,UCLA,180
14,Philip Naef,D,5' 11'',Fr.,2023,UCLA,170
15,Amjot Narang,MF,6' 1'',So.,2023,UCLA,160
16,Sebastian Rincon,MF,5' 6'',So.,2023,UCLA,130
17,Sam Scott,F,6' 0'',Fr.,2023,UCLA,180
18,Noah Sutherland,GK,6' 3'',Gr.,2023,UCLA,200
19,Jack Sarkos,F,6' 2'',Gr.,2023,UCLA,200
20,Mateo Pinilla,D,6' 1'',Fr.,2023,UCLA,155
21,Ryan Becher,MF,6' 3'',Gr.,2023,UCLA,190
22,Wyatt Nelson,GK,6' 3'',Fr.,2023,UCLA,195
23,Oshea Foster,F,5' 9'',So.,2023,UCLA,165
24,Owen Schwartz,D,6' 3'',Gr.,2023,UCLA,185
25,Tre Wright,D,6' 2'',Fr.,2023,UCLA,180
26,Jacob Diaz,F,6' 1'',Fr.,2023,UCLA,180
1,Nate Crockford,GK,6' 4'',So.,2022,UCLA,190
2,Aaron Edwards,D,6' 0'',So.,2022,UCLA,190
3,Tommy Silva,D,5' 10'',Jr.,2022,UCLA,170
4,Pietro Grassi,D,6' 1'',So.,2022,UCLA,180
5,Kasper Strom,D,6' 0'',R-So.,2022,UCLA,170
6,Tarun Karumanchi,MF,5' 11'',Fr.,2022,UCLA,150
7,Jose Sosa,MF,5' 6'',R-Sr.,2022,UCLA,150
8,Andre Ochoa,F,5' 8'',Jr.,2022,UCLA,150
9,Kevin Diaz,F,5' 9'',R-Sr.,2022,UCLA,155
10,Riley Ferch,MF,5' 10'',Sr.,2022,UCLA,140
11,Tucker Lepley,MF,5' 6'',R-So.,2022,UCLA,135
12,Grayson Doody,D,5' 10'',Jr.,2022,UCLA,165
13,Pablo Greenlee,D,5' 11'',Jr.,2022,UCLA,180
14,Jose Contell,F,5' 9'',R-So.,2022,UCLA,170
15,Amjot Narang,MF,6' 1'',Fr.,2022,UCLA,160
16,Mauricio Gutierrez,MF,5' 9'',R-Fr.,2022,UCLA,150
17,Charlie Crockford,MF,6' 1'',So.,2022,UCLA,175
18,Tyler Kirberg,GK,6' 6'',Jr.,2022,UCLA,200
19,Luke Bone,MF,5' 11'',R-Jr.,2022,UCLA,145
20,Thomas Raimbault,F,5' 11'',Fr.,2022,UCLA,175
21,Constantinos Michaelides,F,6' 3'',Sr.,2022,UCLA,170
22,Sam Joseph,GK,6' 4'',Fr.,2022,UCLA,215
23,Ollie de Visser,F,5' 11'',Sr.,2022,UCLA,150
24,Nicolas Blassou,D,6' 2'',Gr.,2022,UCLA,185
25,Cam Wilkerson,MF,6' 0'',Fr.,2022,UCLA,165
26,JC Cortez,D,6' 0'',Fr.,2022,UCLA,175
27,Sebastian Rincon,MF,5' 6'',Fr.,2022,UCLA,130
1,Justin Garces,GK,6' 2'',Sr.,2021,UCLA,185
2,Yoni Sorokin,MF,5' 11'',Gr.,2021,UCLA,175
3,Ahmed Longmire,D,6' 3'',Sr.,2021,UCLA,190
4,Kasper Strom,D,6' 0'',R-Fr.,2021,UCLA,170
5,AJ Vasquez,D,5' 11'',R-Jr.,2021,UCLA,180
6,Andrew Paoli,MF,5' 8'',R-Sr.,2021,UCLA,155
7,Jose Sosa,MF,5' 6'',R-Jr.,2021,UCLA,150
9,Kevin Diaz,F,5' 9'',Sr.,2021,UCLA,155
10,Riley Ferch,MF,5' 10'',Jr.,2021,UCLA,140
11,Tucker Lepley,MF,5' 6'',R-Fr.,2021,UCLA,135
12,Grayson Doody,F,5' 10'',So.,2021,UCLA,165
13,Pablo Greenlee,D,5' 11'',So.,2021,UCLA,180
14,Jose Contell,F,5' 9'',R-Fr.,2021,UCLA,170
15,Brandon Zelaya,F,5' 7'',Fr.,2021,UCLA,140
16,Mauricio Gutierrez,MF,5' 9'',Fr.,2021,UCLA,150
17,Charlie Crockford,MF,6' 1'',Fr.,2021,UCLA,175
18,Tyler Kirberg,GK,6' 6'',So.,2021,UCLA,200
19,Luke Bone,MF,5' 11'',Jr.,2021,UCLA,145
20,Pietro Grassi,D,6' 1'',Fr.,2021,UCLA,180
21,Constantinos Michaelides,D,6' 3'',Jr.,2021,UCLA,171
22,Nate Crockford,GK,6' 4'',Fr.,2021,UCLA,190
23,Ollie de Visser,F,5' 11'',Jr.,2021,UCLA,150
24,Ben Reveno,D,6' 1'',R-Sr.,2021,UCLA,170
25,Aaron Edwards,F,6' 0'',Fr.,2021,UCLA,190
26,Tommy Silva,D,5' 10'',So.,2021,UCLA,170
28,Andrew Valverde,MF,5' 8'',So.,2021,UCLA,160
29,Connor Manning,MF,6' 0'',R-Fr.,2021,UCLA,170
0,Levi Bieber,GK,5-Jun,R-Fr.,2024,Washington,
1,Jadon Bowton,GK,4-Jun,Sr.,2024,Washington,
2,Philip Kleemann,D,4-Jun,R-So.,2024,Washington,
3,Caden Buckley,D,1-Jun,Sr.,2024,Washington,
4,Egor Akulov,D,2-Jun,R-So.,2024,Washington,
5,Jack Maguire,D,3-Jun,Sr.,2024,Washington,
6,Peter Kingston,M,10-May,5th,2024,Washington,
7,Chris Meyers,M/D,8-May,Sr.,2024,Washington,
8,Cooper Brunell,M,9-May,R-Jr.,2024,Washington,
9,Charlie Kosakoff,F,11-May,So.,2024,Washington,
10,Richie Aman,M,9-May,Jr.,2024,Washington,
11,Chris Peretti,F,10-May,R-Jr.,2024,Washington,
12,Sean Sent,M,1-Jun,R-Jr.,2024,Washington,
13,Harrison Bertos,D,1-Jun,So.,2024,Washington,
14,Joe Dale,M,9-May,R-So.,2024,Washington,
15,Mani Diop,D,5-Jun,Jr.,2024,Washington,
16,Rhys Gourdie,M/F,1-Jun,5th,2024,Washington,
17,Alex Hall,M,11-May,Fr.,2024,Washington,
18,Nani Deperro,F,9-May,R-So.,2024,Washington,
19,Mikey Sherlock,M,1-Jun,R-So.,2024,Washington,
20,Nick O'Brien,F,11-May,R-So.,2024,Washington,
21,Zach Ramsey,M,10-May,Fr.,2024,Washington,
22,Conner Leber,D,2-Jun,R-Jr.,2024,Washington,
23,Sheehan Ganguly,M,6-May,R-Fr.,2024,Washington,
25,Asher Hestad,D,1-Jun,Fr.,2024,Washington,
26,Connor Lofy,M,1-Jun,R-Fr.,2024,Washington,
27,Levi Hawk,M,10-May,R-So.,2024,Washington,
29,Julian Banks,F,1-Jun,Fr.,2024,Washington,
30,Jaeger Felton,GK,1-Jun,Fr.,2024,Washington,
31,Brecken Bowers,M,10-May,Fr.,2024,Washington,
33,Chad Sovde,M,1-Jun,R-Fr.,2024,Washington,
44,Gabe Fernandez,D,7-May,Fr.,2024,Washington,
0,Jadon Bowton,GK,4-Jun,Jr.,2023,Washington,
1,Sam Fowler,GK,1-Jun,Sr.,2023,Washington,
2,Philip Kleemann,D,4-Jun,R-Fr.,2023,Washington,
3,Nate Jones,D,3-Jun,Jr.,2023,Washington,
4,Egor Akulov,D,2-Jun,R-Fr.,2023,Washington,
5,Jack Maguire,D,3-Jun,Jr.,2023,Washington,
6,Kalani Kossa-Rienzi,M,7-May,Jr.,2023,Washington,
7,Chris Meyers,M,8-May,Jr.,2023,Washington,
8,Peter Kingston,M,10-May,Sr.,2023,Washington,
9,Richie Aman,M,9-May,So.,2023,Washington,
10,Imanol Rosales,M,7-May,Sr.,2023,Washington,
11,Chris Peretti,F,10-May,Jr.,2023,Washington,
12,Sean Sent,M,1-Jun,Jr.,2023,Washington,
13,Keegan Yorke,D,3-Jun,Jr.,2023,Washington,
14,Christian Soto,M,5-May,Sr.,2023,Washington,
15,Mani Diop,D,5-Jun,So.,2023,Washington,
16,Woody Manum,D,1-Jun,Jr.,2023,Washington,
18,Nani Deperro,F,9-May,R-Fr.,2023,Washington,
19,Mikey Sherlock,M,1-Jun,R-Fr.,2023,Washington,
20,Nick O'Brien,F,11-May,R-Fr.,2023,Washington,
22,Mark Gallagher,F,1-Jun,R-Fr.,2023,Washington,
23,Sheehan Ganguly,M,6-May,Fr.,2023,Washington,
24,Khai Brisco,D,8-May,Sr.,2023,Washington,
25,Cooper Brunell,M,9-May,Jr.,2023,Washington,
26,Connor Lofy,M,1-Jun,Fr.,2023,Washington,
27,Levi Hawk,M,10-May,R-Fr.,2023,Washington,
28,Joe Dale,M,9-May,R-Fr.,2023,Washington,
29,Harrison Bertos,D,1-Jun,Fr.,2023,Washington,
30,Jackson Ozburn,GK,3-Jun,R-Fr.,2023,Washington,
32,Conner Leber,D,2-Jun,Jr.,2023,Washington,
33,Bryan Iliohan,F,2-Jun,Gr.,2023,Washington,
41,Levi Bieber,GK,5-Jun,Fr.,2023,Washington,
44,Gabe Threadgold,M,7-May,R-Jr.,2023,Washington,
99,Charlie Kosakoff,F,11-May,Fr.,2023,Washington,
,Chad Sovde,M,1-Jun,Fr.,2023,Washington,
0,Jadon Bowton,GK,3-Jun,So.,2022,Washington,200
1,Sam Fowler,GK,1-Jun,Jr.,2022,Washington,180
2,Philip Kleemann,D,4-Jun,Fr.,2022,Washington,
3,Nate Jones,D,2-Jun,So.,2022,Washington,185
4,Egor Akulov,D,2-Jun,Fr.,2022,Washington,
5,Omar Grey,M,1-Jun,R-Sr.,2022,Washington,165
6,Kalani Kossa-Rienzi,M/D,8-May,So.,2022,Washington,150
7,Chris Meyers,F/M,8-May,So.,2022,Washington,140
8,Gio Miglietti,D,1-Jun,Sr.,2022,Washington,185
9,Richie Aman,M,9-May,Fr.,2022,Washington,
10,Imanol Rosales,M,7-May,Jr.,2022,Washington,160
11,Nick Scardina,F,11-May,Jr.,2022,Washington,160
12,Ilijah Paul,F,1-Jun,So.,2022,Washington,185
13,Darren Green,M,10-May,Fr.,2022,Washington,
14,Christian Soto,M,5-May,Jr.,2022,Washington,145
15,Jack Maguire,D,3-Jun,So.,2022,Washington,180
16,Woody Manum,D/M,11-May,So.,2022,Washington,155
17,Michael Rojas,M,8-May,R-Jr.,2022,Washington,160
18,Nani Deperro,M/F,9-May,Fr.,2022,Washington,
19,Mikey Sherlock,M,2-Jun,Fr.,2022,Washington,
20,Nick O'Brien,F,11-May,Fr.,2022,Washington,
21,Jayson Baca,F,6-May,Jr.,2022,Washington,150
22,Mark Gallagher,F,1-Jun,Fr.,2022,Washington,
23,Gabe Threadgold,M,7-May,R-So.,2022,Washington,140
24,Khai Brisco,D,8-May,Jr.,2022,Washington,160
25,Cooper Brunell,M,8-May,So.,2022,Washington,140
26,Sean Sent,M,11-May,So.,2022,Washington,160
27,Levi Hawk,M,11-May,Fr.,2022,Washington,
28,Joe Dale,M,9-May,Fr.,2022,Washington,
30,Jackson Ozburn,GK,3-Jun,Fr.,2022,Washington,
32,Keegan Yorke,D,4-Jun,So.,2022,Washington,185
33,Lucas Meek,M,2-Jun,R-Sr.,2022,Washington,160
44,Jensen Jabara,M,7-May,R-So.,2022,Washington,145
99,Chris Peretti,F,10-May,So.,2022,Washington,165
0,Sam Fowler,GK,1-Jun,So.,2021,Washington,180
1,Andrew Morrison,GK,1-Jun,R-Jr.,2021,Washington,195
2,Kendall Burks,D,2-Jun,Jr.,2021,Washington,190
3,Nate Jones,D,2-Jun,Fr.,2021,Washington,185
4,Ryan Sailor,D,4-Jun,R-Sr.,2021,Washington,180
5,Achille Robin,D`,3-Jun,Sr.,2021,Washington,175
6,Kalani Kossa-Rienzi,MF/D,8-May,Fr.,2021,Washington,150
7,Chris Meyers,F/M,8-May,Fr.,2021,Washington,140
8,Gio Miglietti,F,1-Jun,Jr.,2021,Washington,185
9,Dylan Teves,MF,7-May,Jr.,2021,Washington,140
10,Imanol Rosales,MF,7-May,So.,2021,Washington,160
11,Nick Scardina,F,11-May,So.,2021,Washington,160
12,Ilijah Paul,F,1-Jun,Fr.,2021,Washington,185
13,Scott Gustafson,MF,1-Jun,Fr.,2021,Washington,160
14,Christian Soto,MF,5-May,So.,2021,Washington,145
15,Jack Maguire,D,3-Jun,Fr.,2021,Washington,180
16,Woody Manum,D/M,11-May,Fr.,2021,Washington,155
17,Michael Rojas,MF,8-May,R-So.,2021,Washington,160
18,Julian Churchill,MF,8-May,Fr.,2021,Washington,140
19,Jonah Kawamura,M,10-May,Fr.,2021,Washington,155
20,Charlie Ostrem,D,8-May,Jr.,2021,Washington,155
21,Jayson Baca,F,6-May,So.,2021,Washington,150
22,Ryan Crowley,MF,9-May,R-Jr.,2021,Washington,180
23,Gabe Threadgold,MF,7-May,R-Fr.,2021,Washington,140
24,Khai Brisco,D,8-May,So.,2021,Washington,160
25,Cooper Brunell,M,8-May,Fr.,2021,Washington,140
26,Sean Sent,M,11-May,Fr.,2021,Washington,160
27,Juan Pablo Rojas,M,9-May,Fr.,2021,Washington,150
28,Uli Esquivel,D,9-May,Fr.,2021,Washington,165
30,Jadon Bowton,GK,3-Jun,Fr.,2021,Washington,200
32,Keegan Yorke,D`,4-Jun,Fr.,2021,Washington,185
33,Lucas Meek,MF,2-Jun,R-Jr.,2021,Washington,160
44,Jensen Jabara,MF,7-May,R-Fr.,2021,Washington,145
99,Chris Peretti,F,10-May,Fr.,2021,Washington,165
0,Jack Roach,GK,3-Jun,So.,2024,Wisconsin,170
1,Matisse Hébert,GK,4-Jun,Fr.,2024,Wisconsin,175
2,Birgir Baldvinsson,D,1-Jun,Gr.,2024,Wisconsin,167
3,Noah Glorioso,MF,10-May,Gr.,2024,Wisconsin,160
4,Julian Kuhr,MF,8-May,Fr.,2024,Wisconsin,169
5,Ryan Quintos,D,10-May,So.,2024,Wisconsin,176
6,Roberto Burlew,D,1-Jun,Gr.,2024,Wisconsin,160
7,Kevin Andrews,F,11-May,Sr.,2024,Wisconsin,167
8,Trip Fleming,MF,10-May,So.,2024,Wisconsin,160
9,Markie Hrvojevic,F,1-Jun,So.,2024,Wisconsin,175
10,Charlie Crockford,MF,1-Jun,Sr.,2024,Wisconsin,175
11,Mason Henderson,F,1-Jun,Sr.,2024,Wisconsin,170
12,Drew Brown,D,1-Jun,Jr.,2024,Wisconsin,175
13,Dean Boltz,F,2-Jun,Fr.,2024,Wisconsin,165
16,Roman Eisa,F,3-Jun,So.,2024,Wisconsin,160
17,Ryan Keefe,D,2-Jun,Sr.,2024,Wisconsin,178
18,Matthew Zachemski,MF,10-May,Fr.,2024,Wisconsin,170
20,Thomas Raimbault,F,11-May,Jr.,2024,Wisconsin,175
23,Will Smith,D,1-Jun,So.,2024,Wisconsin,185
24,Eliot Popkewitz,D,9-May,Gr.,2024,Wisconsin,170
25,Ellis Jones,D,2-Jun,So.,2024,Wisconsin,175
26,Liam Chadwick,MF,1-Jun,Fr.,2024,Wisconsin,145
28,Andrew Chavez,D,6-May,So.,2024,Wisconsin,140
30,Adam Braman,GK,2-Jun,Sr.,2024,Wisconsin,180
33,Luke Shrivers,GK,3-Jun,Fr.,2024,Wisconsin,180
1,Nate Crockford,GK,4-Jun,Jr.,2023,Wisconsin,190
2,Birgir Baldvinsson,D,1-Jun,Gr.,2023,Wisconsin,167
3,Noah Glorioso,MF,10-May,Sr.,2023,Wisconsin,160
4,Kevin Andrews,F,11-May,Jr.,2023,Wisconsin,167
5,Ryan Quintos,D,10-May,Fr.,2023,Wisconsin,176
6,Charlie Crockford,MF,1-Jun,Jr.,2023,Wisconsin,175
7,Jack Finnegan,F,10-May,Sr.,2023,Wisconsin,165
8,Maxwell Keenan,MF,11-May,Sr.,2023,Wisconsin,160
9,Markie Hrvojevic,F,1-Jun,Fr.,2023,Wisconsin,175
10,Tim Bielic,MF,5-May,Gr.,2023,Wisconsin,130
11,Mason Henderson,F,1-Jun,Jr.,2023,Wisconsin,170
12,Drew Brown,D,1-Jun,So.,2023,Wisconsin,175
13,Jack Roach,GK,3-Jun,Fr.,2023,Wisconsin,170
14,Trip Fleming,MF,10-May,Fr.,2023,Wisconsin,160
16,Roman Eisa,F,3-Jun,Fr.,2023,Wisconsin,160
17,Ryan Keefe,D,2-Jun,Jr.,2023,Wisconsin,178
18,Bennett Pauls,MF,1-Jun,Sr.,2023,Wisconsin,167
19,Shirzaad Ghadially,MF,3-Jun,So.,2023,Wisconsin,170
20,Thomas Raimbault,F,11-May,So.,2023,Wisconsin,175
23,Will Smith,D,1-Jun,Fr.,2023,Wisconsin,185
24,Eliot Popkewitz,D,9-May,Sr.,2023,Wisconsin,170
25,Cristian Torres-Gale,F,6-May,Fr.,2023,Wisconsin,140
26,Mitchell Dryden,F,11-May,So.,2023,Wisconsin,165
27,Ryan Gallagher,GK,1-Jun,R-Jr.,2023,Wisconsin,175
28,Andrew Chavez,D,6-May,Fr.,2023,Wisconsin,140
32,Nils Vallotto,D,10-May,So.,2023,Wisconsin,155
2,Nils Vallotto,MF,10-May,Fr.,2022,Wisconsin,155
3,Inaki Iribarren,MF,2-Jun,Sr.,2022,Wisconsin,163
4,Ethan Chung,D,6-May,Jr.,2022,Wisconsin,145
5,Matt Chandler,D,6-Jun,Gr.,2022,Wisconsin,200
6,Aron Eli Saevarsson,D,5-Jun,Sr.,2022,Wisconsin,170
7,Jack Finnegan,F,10-May,Jr.,2022,Wisconsin,165
8,Maxwell Keenan,D,-,Jr.,2022,Wisconsin,
9,Ignasi Marques,MF,-,Sr.,2022,Wisconsin,
10,Tim Bielic,MF,5-May,Jr.,2022,Wisconsin,130
11,Mason Henderson,F,1-Jun,So.,2022,Wisconsin,170
12,Drew Brown,D,1-Jun,Fr.,2022,Wisconsin,175
14,Murat Calkap,MF,11-May,Jr.,2022,Wisconsin,155
15,Dawson Gulley,MF,10-May,Jr.,2022,Wisconsin,140
17,Ryan Keefe,D/MF,2-Jun,So.,2022,Wisconsin,178
18,Bennett Pauls,MF,1-Jun,Jr.,2022,Wisconsin,167
19,Shirzaad Ghadially,MF,3-Jun,Fr.,2022,Wisconsin,170
21,Michael Wampler,MF/F,1-Jun,Jr.,2022,Wisconsin,165
23,Dan Iscra,D,2-Jun,Sr.,2022,Wisconsin,161
24,Eliot Popkewitz,D,9-May,Jr.,2022,Wisconsin,170
25,Will Navarre,F,9-May,So.,2022,Wisconsin,165
26,Mitchell Dryden,F,11-May,Fr.,2022,Wisconsin,165
32,Ryan Gallagher,GK,1-Jun,Jr.,2022,Wisconsin,175
35,Carter Abbott,GK,11-May,Jr.,2022,Wisconsin,170
36,Peter Girzadas,GK,4-Jun,So.,2022,Wisconsin,200
2,Ben Leas,D,10-May,Sr.,2021,Wisconsin,165
3,Inaki Iribarren,MF,2-Jun,Jr.,2021,Wisconsin,163
4,Ethan Chung,D,6-May,So.,2021,Wisconsin,145
5,Moritz Kappelsberger,D,4-Jun,Sr.,2021,Wisconsin,210
6,Aron Eli Saevarsson,D,5-Jun,Jr.,2021,Wisconsin,170
7,Jack Finnegan,F,10-May,So.,2021,Wisconsin,165
8,Andrew Akindele,F/MF,1-Jun,Sr.,2021,Wisconsin,170
9,Ignasi Marques,MF,-,Jr.,2021,Wisconsin,
10,Tim Bielic,MF,5-May,Jr.,2021,Wisconsin,130
11,Henri Tophoven,F/MF,1-Jun,Sr.,2021,Wisconsin,178
12,Zach Klancnik,D,1-Jun,Sr.,2021,Wisconsin,190
13,Kyle McCurley,MF,10-May,Gr.,2021,Wisconsin,165
14,Murat Calkap,MF,11-May,So.,2021,Wisconsin,155
15,Dawson Gulley,MF,10-May,So.,2021,Wisconsin,140
16,Patrick Yim,MF/D,9-May,Gr.,2021,Wisconsin,162
17,Ryan Keefe,D/MF,2-Jun,Fr.,2021,Wisconsin,178
18,Bennett Pauls,MF,1-Jun,So.,2021,Wisconsin,167
19,Jonathan Bowen,D,3-Jun,Fr.,2021,Wisconsin,185
20,Noah Melick,F,1-Jun,Sr.,2021,Wisconsin,175
21,Michael Wampler,MF/F,1-Jun,So.,2021,Wisconsin,165
22,Dylan McCrary,D,1-Jun,So.,2021,Wisconsin,185
23,Dan Iscra,D,2-Jun,Jr.,2021,Wisconsin,161
24,Eliot Popkewitz,D,9-May,So.,2021,Wisconsin,170
25,Will Navarre,F,9-May,Fr.,2021,Wisconsin,165
32,Ben Krongard,GK,1-Jun,Jr.,2021,Wisconsin,175
33,Adir Raphael,GK,11-May,Fr.,2021,Wisconsin,
35,Carter Abbott,GK,11-May,So.,2021,Wisconsin,170
36,Peter Girzadas,GK,4-Jun,R-Fr.,2021,Wisconsin,200